CarrollCounty,Baltimore,Gaithersburg,Baltimore-Martin,NoRain,Image
1,0,0,0,0,2023-11-22.09_00_08.png
1,0,0,1,0,2023-11-22.08_00_50.png
0,0,0,1,0,2023-11-22.06_58_04.png
1,1,1,1,0,2023-11-22.06_01_31.png
1,1,1,1,0,2023-11-22.03_57_55.png
1,1,1,1,0,2023-11-22.02_58_37.png
1,1,1,1,0,2023-11-22.02_00_13.png
1,1,1,1,0,2023-11-22.01_01_13.png
1,1,1,1,0,2023-11-22.00_01_07.png
1,1,1,1,0,2023-11-21.23_02_34.png
1,1,1,1,0,2023-11-21.21_57_48.png
1,1,1,1,0,2023-11-21.20_59_37.png
1,1,1,1,0,2023-11-21.20_01_26.png
1,1,1,1,0,2023-11-21.18_57_24.png
1,1,1,1,0,2023-11-21.17_59_20.png
1,1,1,1,0,2023-11-21.17_01_36.png
1,1,1,1,0,2023-11-21.16_01_44.png
0,1,1,1,0,2023-11-21.14_58_17.png
0,0,0,0,1,2023-11-21.13_57_15.png
0,0,0,0,1,2023-11-21.13_00_42.png
0,0,0,0,1,2023-11-21.09_59_19.png
0,0,0,0,1,2023-11-18.05_37_18.png
0,0,0,0,1,2023-11-18.05_37_18.png
1,1,1,1,0,2023-11-18.05_01_38.png
1,0,1,0,0,2023-11-18.03_57_38.png
0,0,0,0,1,2023-11-18.02_59_20.png
0,0,0,0,1,2023-11-18.02_00_45.png
0,0,0,0,1,2023-11-18.01_01_27.png
0,0,0,1,0,2023-11-14.16_57_14.png
0,0,1,0,0,2023-11-10.20_00_28.png
1,1,1,1,0,2023-11-10.19_02_32.png
1,1,1,1,0,2023-11-10.17_57_02.png
1,1,1,1,0,2023-11-10.16_57_15.png
1,1,1,1,0,2023-11-10.15_59_01.png
1,1,1,1,0,2023-11-10.15_00_59.png
0,1,1,0,0,2023-11-10.14_43_36.png
0,0,0,0,1,2023-11-10.14_43_36.png
0,0,0,0,1,2023-11-10.14_43_36.png
0,0,0,0,1,2023-11-09.21_58_36.png
0,1,0,0,0,2023-11-09.20_59_11.png
1,0,0,1,0,2023-11-09.19_01_28.png
1,0,0,0,0,2023-11-09.18_01_38.png
0,0,1,0,0,2023-11-09.14_57_06.png
0,0,0,1,0,2023-11-05.17_59_01.png
0,0,0,0,1,2023-11-01.12_58_47.png
0,0,0,0,1,2023-10-31.02_43_33.png
0,0,0,0,1,2023-10-31.02_43_33.png
1,1,1,1,0,2023-10-30.23_58_22.png
1,1,1,1,0,2023-10-30.23_02_45.png
1,1,1,1,0,2023-10-30.21_58_35.png
1,0,1,0,0,2023-10-30.20_59_26.png
1,0,0,0,0,2023-10-30.14_24_04.png
1,0,0,0,0,2023-10-30.02_39_29.png
1,0,0,0,0,2023-10-30.02_39_29.png
1,0,0,0,0,2023-10-30.02_39_29.png
0,0,0,0,1,2023-10-30.02_39_29.png
0,0,0,0,1,2023-10-30.00_58_50.png
0,0,0,0,1,2023-10-29.16_00_06.png
1,0,0,0,0,2023-10-29.15_31_12.png
1,0,0,0,0,2023-10-29.15_31_12.png
0,0,0,0,1,2023-10-29.15_31_12.png
0,0,0,0,1,2023-10-29.15_31_12.png
0,0,0,1,0,2023-10-28.17_03_11.png
0,0,0,0,1,2023-10-27.20_00_16.png
0,0,0,0,1,2023-10-27.19_00_00.png
1,0,0,0,0,2023-10-22.19_58_47.png
0,0,0,1,0,2023-10-22.17_02_52.png
0,0,0,0,1,2023-10-22.12_59_11.png
0,0,0,0,1,2023-10-22.09_57_39.png
0,0,0,0,1,2023-10-21.17_00_09.png
0,0,0,0,1,2023-10-21.11_19_43.png
0,0,1,0,0,2023-10-21.11_19_43.png
0,0,0,0,1,2023-10-21.01_35_47.png
0,1,0,0,0,2023-10-21.01_35_47.png
0,0,0,0,1,2023-10-21.01_35_47.png
0,0,1,0,0,2023-10-21.01_35_47.png
0,0,1,0,0,2023-10-21.01_35_47.png
0,0,0,1,0,2023-10-21.00_59_47.png
0,1,1,1,0,2023-10-21.00_00_49.png
0,1,0,1,0,2023-10-20.23_00_50.png
0,0,0,0,1,2023-10-20.22_02_13.png
1,1,0,1,0,2023-10-20.21_00_53.png
1,0,1,0,0,2023-10-20.19_58_58.png
0,0,1,0,0,2023-10-20.18_59_51.png
0,0,0,0,1,2023-10-17.10_38_01.png
1,1,0,0,0,2023-10-17.01_14_49.png
1,0,0,0,0,2023-10-17.01_14_49.png
0,0,0,0,1,2023-10-16.21_02_08.png
0,0,0,0,1,2023-10-15.09_02_13.png
1,1,1,0,0,2023-10-15.07_58_48.png
1,1,1,0,0,2023-10-15.07_17_48.png
1,0,0,1,0,2023-10-15.07_17_48.png
1,1,1,1,0,2023-10-15.07_17_48.png
1,1,1,1,0,2023-10-15.01_04_21.png
0,1,1,1,0,2023-10-15.01_04_21.png
1,1,1,1,0,2023-10-15.01_04_21.png
1,1,1,0,0,2023-10-15.00_58_21.png
1,1,0,1,0,2023-10-14.23_58_28.png
0,0,0,0,1,2023-10-14.22_58_39.png
1,0,0,1,0,2023-10-14.22_01_07.png
1,1,0,1,0,2023-10-14.20_57_59.png
1,1,0,1,0,2023-10-14.19_59_56.png
1,1,1,1,0,2023-10-14.19_01_52.png
1,1,1,0,0,2023-10-14.17_59_07.png
1,1,0,1,0,2023-10-14.16_59_54.png
1,0,1,0,0,2023-10-14.15_59_44.png
1,1,1,1,0,2023-10-14.15_01_53.png
1,1,1,1,0,2023-10-14.14_01_05.png
0,0,1,0,0,2023-10-14.13_25_26.png
0,0,0,0,1,2023-10-14.13_25_26.png
0,0,0,0,1,2023-10-14.13_25_26.png
1,0,0,0,0,2023-10-10.11_02_11.png
1,0,0,0,0,2023-10-10.10_02_05.png
0,0,0,1,0,2023-10-10.00_21_35.png
0,1,1,0,0,2023-10-09.23_59_48.png
1,0,1,0,0,2023-10-09.22_57_38.png
1,0,0,0,0,2023-10-07.19_57_06.png
0,0,0,0,1,2023-10-07.18_00_46.png
0,1,0,1,0,2023-10-07.16_59_02.png
0,1,1,1,0,2023-10-07.16_01_18.png
0,1,1,1,0,2023-10-07.14_59_59.png
0,0,1,0,0,2023-10-07.13_59_40.png
0,0,1,0,0,2023-10-07.13_31_47.png
0,0,1,0,0,2023-10-07.13_31_47.png
0,0,1,0,0,2023-10-07.13_31_47.png
0,0,1,0,0,2023-10-07.13_31_47.png
0,0,1,0,0,2023-10-07.13_31_47.png
0,0,1,0,0,2023-10-07.13_31_47.png
0,0,1,0,0,2023-10-07.13_31_47.png
0,0,0,0,1,2023-10-06.12_02_26.png
0,0,0,0,1,2023-10-06.12_02_26.png
0,0,0,1,0,2023-10-05.23_59_22.png
0,0,0,1,0,2023-10-05.23_59_22.png
0,0,0,1,0,2023-10-05.17_58_09.png
0,0,0,1,0,2023-10-01.17_56_36.png
0,0,0,0,1,2023-09-30.23_25_26.png
0,0,0,0,1,2023-09-29.23_16_51.png
0,0,0,0,1,2023-09-29.23_16_51.png
0,0,0,0,1,2023-09-29.13_01_30.png
0,0,0,0,1,2023-09-29.12_00_03.png
0,1,0,0,0,2023-09-29.11_15_03.png
0,0,0,0,1,2023-09-29.11_15_03.png
0,0,0,0,1,2023-09-29.11_15_03.png
0,0,0,0,1,2023-09-28.23_11_15.png
0,0,0,0,1,2023-09-28.23_11_15.png
0,0,0,0,1,2023-09-27.05_15_48.png
0,1,0,0,0,2023-09-26.22_58_16.png
0,0,0,0,1,2023-09-26.22_58_16.png
0,0,0,0,1,2023-09-26.22_58_16.png
0,1,0,0,0,2023-09-26.22_58_16.png
0,0,0,0,1,2023-09-26.21_59_54.png
0,1,0,0,0,2023-09-26.21_01_31.png
0,0,0,0,1,2023-09-26.20_03_10.png
0,0,0,0,1,2023-09-26.18_58_49.png
0,0,0,0,1,2023-09-26.17_59_33.png
0,0,0,0,1,2023-09-26.16_59_35.png
0,0,0,0,1,2023-09-26.15_59_08.png
1,0,0,0,0,2023-09-26.14_59_13.png
1,0,0,0,0,2023-09-26.14_01_27.png
1,0,1,0,0,2023-09-26.13_00_04.png
1,0,1,0,0,2023-09-26.11_57_47.png
1,1,1,1,0,2023-09-26.10_59_39.png
1,0,1,0,0,2023-09-26.10_00_23.png
0,0,1,0,0,2023-09-26.10_00_23.png
0,0,1,0,0,2023-09-26.10_00_23.png
0,1,1,0,0,2023-09-26.10_00_23.png
1,1,1,0,0,2023-09-26.10_00_23.png
1,1,1,0,0,2023-09-26.10_00_23.png
0,0,0,0,1,2023-09-25.22_44_16.png
0,0,0,0,1,2023-09-25.22_44_16.png
0,1,0,0,0,2023-09-25.22_44_16.png
0,1,0,0,0,2023-09-25.22_44_16.png
0,0,0,0,1,2023-09-25.21_56_47.png
0,0,0,0,1,2023-09-25.21_02_42.png
1,0,0,0,0,2023-09-25.11_01_21.png
1,0,0,0,0,2023-09-25.09_59_06.png
1,0,0,0,0,2023-09-25.08_56_58.png
0,1,0,0,0,2023-09-24.22_36_09.png
0,1,1,0,0,2023-09-24.22_36_09.png
0,1,0,0,0,2023-09-24.22_36_09.png
0,0,0,0,1,2023-09-24.22_36_09.png
0,0,0,0,1,2023-09-24.22_00_31.png
0,0,1,0,0,2023-09-24.21_00_03.png
1,0,1,1,0,2023-09-24.19_58_29.png
1,1,0,0,0,2023-09-24.18_58_44.png
1,1,0,1,0,2023-09-24.18_00_05.png
1,1,0,1,0,2023-09-24.17_01_28.png
1,1,0,0,0,2023-09-24.15_58_51.png
1,1,0,0,0,2023-09-24.14_59_13.png
1,1,0,1,0,2023-09-24.14_47_53.png
1,1,0,1,0,2023-09-24.14_47_53.png
1,1,0,1,0,2023-09-24.14_47_53.png
1,1,1,1,0,2023-09-24.14_47_53.png
1,1,1,1,0,2023-09-24.14_47_53.png
1,1,1,1,0,2023-09-24.14_47_53.png
1,1,1,1,0,2023-09-24.14_47_53.png
1,1,1,1,0,2023-09-24.14_47_53.png
1,1,1,1,0,2023-09-23.22_29_49.png
1,1,1,1,0,2023-09-23.22_29_49.png
1,0,1,0,0,2023-09-23.22_29_49.png
1,0,1,0,0,2023-09-23.22_29_49.png
1,0,1,0,0,2023-09-23.22_29_49.png
1,1,1,1,0,2023-09-23.22_29_49.png
1,1,1,1,0,2023-09-23.22_29_49.png
1,1,1,1,0,2023-09-23.22_29_49.png
1,1,1,1,0,2023-09-23.22_00_07.png
1,1,1,1,0,2023-09-23.21_01_04.png
1,1,1,1,0,2023-09-23.19_59_28.png
0,1,1,0,0,2023-09-23.19_00_24.png
0,1,1,0,0,2023-09-23.18_00_15.png
1,1,0,0,0,2023-09-23.17_00_30.png
1,1,1,1,0,2023-09-23.16_00_03.png
1,1,1,0,0,2023-09-23.15_28_54.png
1,0,1,0,0,2023-09-23.15_28_54.png
1,1,1,1,0,2023-09-23.15_28_54.png
1,1,0,1,0,2023-09-23.15_28_54.png
1,1,0,1,0,2023-09-23.15_28_54.png
0,1,0,1,0,2023-09-23.15_28_54.png
0,1,0,1,0,2023-09-23.15_28_54.png
0,0,1,1,0,2023-09-23.15_28_54.png
1,0,1,0,0,2023-09-23.15_28_54.png
1,0,1,0,0,2023-09-22.22_27_17.png
0,0,1,1,0,2023-09-22.22_27_17.png
0,1,0,0,0,2023-09-22.22_27_17.png
0,0,0,1,0,2023-09-19.17_57_51.png
0,0,0,0,1,2023-09-18.13_59_57.png
0,0,0,0,1,2023-09-18.12_02_12.png
0,0,0,0,1,2023-09-18.10_57_59.png
1,0,0,0,0,2023-09-18.10_38_03.png
1,0,1,1,0,2023-09-18.10_38_03.png
0,0,1,1,0,2023-09-18.10_38_03.png
0,0,0,1,0,2023-09-18.10_38_03.png
0,0,0,1,0,2023-09-18.10_38_03.png
0,1,0,1,0,2023-09-17.21_57_05.png
1,1,0,1,0,2023-09-17.21_57_05.png
1,0,0,0,0,2023-09-17.21_57_05.png
1,0,0,0,0,2023-09-17.21_57_05.png
1,0,1,1,0,2023-09-17.21_57_05.png
1,1,1,1,0,2023-09-17.21_57_05.png
1,0,1,0,0,2023-09-17.21_57_05.png
1,0,0,0,0,2023-09-17.20_57_33.png
1,0,0,1,0,2023-09-17.16_58_46.png
1,0,1,0,0,2023-09-17.15_59_31.png
1,0,1,0,0,2023-09-17.15_02_48.png
0,1,0,1,0,2023-09-13.11_36_19.png
1,1,1,1,0,2023-09-12.21_25_12.png
1,1,1,1,0,2023-09-12.21_25_12.png
1,0,1,0,0,2023-09-12.21_25_12.png
1,0,0,0,0,2023-09-11.19_00_10.png
1,0,0,0,0,2023-09-11.18_01_57.png
0,0,0,0,1,2023-09-11.12_11_13.png
0,1,0,1,0,2023-09-11.12_11_13.png
1,1,1,0,0,2023-09-11.12_11_13.png
1,0,1,0,0,2023-09-11.12_11_13.png
0,0,1,0,0,2023-09-11.12_11_13.png
0,0,1,0,0,2023-09-11.12_11_13.png
0,0,1,0,0,2023-09-11.12_11_13.png
0,0,0,1,0,2023-09-10.21_17_27.png
1,0,0,1,0,2023-09-10.21_01_21.png
1,0,0,0,0,2023-09-10.19_59_02.png
0,1,0,0,0,2023-09-10.16_00_30.png
0,0,0,0,1,2023-09-10.14_59_16.png
0,1,0,1,0,2023-09-10.11_58_47.png
0,1,0,1,0,2023-09-10.11_29_35.png
0,0,0,0,1,2023-09-09.21_15_11.png
1,1,1,1,0,2023-09-09.21_15_11.png
1,1,1,1,0,2023-09-09.21_15_11.png
1,1,1,0,0,2023-09-09.21_15_11.png
1,1,1,0,0,2023-09-09.19_59_58.png
0,0,0,0,1,2023-09-09.19_00_22.png
0,0,0,0,1,2023-09-09.17_58_22.png
1,1,0,1,0,2023-09-09.10_42_20.png
1,1,0,1,0,2023-09-09.10_42_20.png
1,1,1,0,0,2023-09-09.10_42_20.png
0,0,1,0,0,2023-09-09.10_42_20.png
0,0,0,1,0,2023-09-09.10_42_20.png
0,1,0,1,0,2023-09-09.10_42_20.png
0,1,0,1,0,2023-09-08.21_10_37.png
1,0,0,0,0,2023-09-08.21_10_37.png
1,0,0,0,0,2023-09-08.21_10_37.png
0,0,1,0,0,2023-09-08.21_10_37.png
0,0,0,0,1,2023-09-08.21_10_37.png
0,0,0,1,0,2023-09-08.10_56_14.png
0,1,0,1,0,2023-09-08.10_56_14.png
1,0,0,0,0,2023-09-07.21_07_23.png
1,0,0,0,0,2023-09-07.21_07_23.png
1,0,0,0,0,2023-09-07.19_58_46.png
1,0,0,0,0,2023-09-07.18_59_49.png
0,0,0,0,1,2023-09-04.12_58_19.png
0,1,0,1,0,2023-08-30.11_59_06.png
0,0,0,1,0,2023-08-30.11_01_30.png
1,0,0,0,0,2023-08-30.09_58_39.png
1,0,0,0,0,2023-08-30.09_26_43.png
0,0,0,0,1,2023-08-29.20_19_57.png
0,0,0,0,1,2023-08-29.16_59_50.png
0,0,0,0,1,2023-08-29.16_01_58.png
0,0,0,0,1,2023-08-29.14_58_46.png
0,0,0,0,1,2023-08-29.12_59_26.png
0,0,0,0,1,2023-08-29.12_00_20.png
0,1,0,0,0,2023-08-29.11_01_00.png
0,0,0,0,1,2023-08-29.09_58_25.png
0,0,0,0,1,2023-08-29.08_59_50.png
0,0,0,0,1,2023-08-29.08_14_31.png
0,0,0,0,1,2023-08-29.08_14_31.png
0,0,0,0,1,2023-08-28.20_13_47.png
0,0,0,0,1,2023-08-28.18_01_04.png
0,0,0,0,1,2023-08-28.16_00_28.png
0,0,0,1,0,2023-08-26.09_01_07.png
0,0,1,0,0,2023-08-26.07_36_38.png
0,0,1,0,0,2023-08-25.20_02_55.png
0,0,0,0,1,2023-08-25.20_02_55.png
0,0,0,0,1,2023-08-25.14_00_51.png
1,0,0,0,0,2023-08-25.10_31_29.png
0,0,0,0,1,2023-08-25.10_31_29.png
0,0,0,0,1,2023-08-24.19_59_00.png
0,0,1,0,0,2023-08-24.19_59_00.png
0,1,0,1,0,2023-08-24.19_59_00.png
1,0,0,0,0,2023-08-24.19_59_00.png
1,0,0,0,0,2023-08-24.19_01_18.png
0,0,0,0,1,2023-08-24.17_58_57.png
0,0,0,0,1,2023-08-24.16_59_14.png
0,0,0,1,0,2023-08-24.16_00_27.png
1,0,0,0,0,2023-08-24.14_57_44.png
0,0,0,0,1,2023-08-24.12_59_00.png
0,0,0,0,1,2023-08-24.12_02_29.png
0,0,0,0,1,2023-08-24.10_59_45.png
0,0,0,0,1,2023-08-24.07_59_31.png
0,0,0,1,0,2023-08-21.18_59_31.png
0,0,0,0,1,2023-08-18.06_58_00.png
0,0,0,0,1,2023-08-18.06_15_19.png
0,0,0,0,1,2023-08-18.06_15_19.png
0,0,0,0,1,2023-08-16.05_22_53.png
0,0,0,0,1,2023-08-16.05_22_53.png
0,0,0,0,1,2023-08-16.05_22_53.png
0,0,1,0,0,2023-08-16.05_22_53.png
0,0,1,0,0,2023-08-15.19_01_25.png
0,0,1,0,0,2023-08-15.19_01_25.png
0,1,0,0,0,2023-08-15.19_01_25.png
0,0,0,0,1,2023-08-15.18_58_39.png
0,0,0,0,1,2023-08-14.19_01_17.png
0,1,0,1,0,2023-08-14.19_01_17.png
0,1,0,1,0,2023-08-14.19_01_17.png
0,1,0,0,0,2023-08-14.19_01_17.png
0,0,0,0,1,2023-08-13.05_59_32.png
0,0,0,0,1,2023-08-13.05_14_02.png
0,0,0,0,1,2023-08-11.05_05_32.png
0,0,0,0,1,2023-08-11.05_05_32.png
0,1,0,0,0,2023-08-10.18_39_04.png
0,1,0,0,0,2023-08-10.18_39_04.png
1,0,0,0,0,2023-08-10.18_39_04.png
1,0,0,0,0,2023-08-10.18_00_59.png
1,1,0,0,0,2023-08-10.16_58_56.png
1,0,1,0,0,2023-08-10.16_00_03.png
1,0,0,0,0,2023-08-10.14_59_29.png
0,0,0,0,1,2023-08-10.13_00_24.png
0,0,0,1,0,2023-08-08.06_03_18.png
0,1,0,1,0,2023-08-08.06_03_18.png
0,1,0,1,0,2023-08-08.06_03_18.png
0,1,1,0,0,2023-08-08.06_03_18.png
0,0,0,0,1,2023-08-08.06_03_18.png
0,1,1,1,0,2023-08-08.06_03_18.png
0,1,1,1,0,2023-08-07.18_23_49.png
1,1,1,1,0,2023-08-07.18_23_49.png
1,1,1,1,0,2023-08-07.18_23_49.png
1,0,1,0,0,2023-08-07.18_23_49.png
0,0,0,1,0,2023-08-07.11_29_04.png
1,0,0,1,0,2023-08-07.11_29_04.png
1,0,0,1,0,2023-08-07.11_29_04.png
1,1,1,1,0,2023-08-06.18_22_35.png
1,1,0,1,0,2023-08-06.18_22_35.png
1,1,1,1,0,2023-08-06.18_22_35.png
0,0,1,0,0,2023-08-06.18_22_35.png
0,0,0,0,1,2023-08-05.05_35_43.png
0,0,0,0,1,2023-08-05.05_35_43.png
0,0,1,0,0,2023-08-04.14_00_09.png
0,0,0,0,1,2023-08-04.12_00_04.png
0,0,0,0,1,2023-08-04.11_02_11.png
0,0,0,0,1,2023-08-04.09_59_45.png
0,0,0,0,1,2023-08-04.08_59_07.png
0,0,0,0,1,2023-08-04.06_58_36.png
0,0,0,0,1,2023-08-04.06_01_28.png
0,1,0,0,0,2023-08-04.05_03_19.png
0,0,0,0,1,2023-08-04.05_03_19.png
0,0,0,0,1,2023-08-04.05_03_19.png
0,0,0,0,1,2023-08-03.18_05_19.png
0,0,0,0,1,2023-08-03.18_05_19.png
0,0,1,0,0,2023-07-31.12_01_32.png
0,0,0,0,1,2023-07-31.08_38_36.png
0,0,0,0,1,2023-07-31.08_38_36.png
0,0,0,0,1,2023-07-31.08_38_36.png
0,0,0,0,1,2023-07-31.08_38_36.png
0,0,1,0,0,2023-07-30.05_04_30.png
0,0,0,0,1,2023-07-29.17_35_02.png
0,1,0,0,0,2023-07-29.17_35_02.png
0,0,0,0,1,2023-07-29.17_35_02.png
0,0,1,0,0,2023-07-29.16_58_17.png
0,0,1,0,0,2023-07-29.14_01_01.png
0,0,1,0,0,2023-07-29.12_58_53.png
0,0,1,0,0,2023-07-29.12_00_35.png
0,0,1,0,0,2023-07-29.10_58_58.png
0,0,1,0,0,2023-07-29.10_00_24.png
0,0,0,0,1,2023-07-29.08_44_49.png
0,1,1,0,0,2023-07-29.08_44_49.png
1,0,0,1,0,2023-07-28.17_31_55.png
1,0,0,0,0,2023-07-28.17_31_55.png
0,0,1,0,0,2023-07-28.14_01_13.png
0,0,1,0,0,2023-07-28.06_58_34.png
0,0,1,0,0,2023-07-28.06_01_43.png
0,0,1,0,0,2023-07-28.05_39_54.png
0,0,1,0,0,2023-07-28.05_39_54.png
0,0,1,0,0,2023-07-28.05_39_54.png
0,0,1,0,0,2023-07-28.05_39_54.png
0,0,1,0,0,2023-07-27.17_25_59.png
0,0,1,0,0,2023-07-27.17_25_59.png
0,0,0,1,0,2023-07-27.17_25_59.png
0,0,0,1,0,2023-07-24.12_58_50.png
0,1,1,1,0,2023-07-24.12_01_18.png
0,1,1,1,0,2023-07-24.11_00_54.png
0,1,1,1,0,2023-07-24.09_58_33.png
0,1,1,0,0,2023-07-24.08_58_31.png
0,0,0,0,1,2023-07-24.08_24_28.png
0,1,0,0,0,2023-07-21.11_58_20.png
0,1,0,0,0,2023-07-21.10_58_28.png
0,1,0,1,0,2023-07-21.10_01_37.png
1,1,1,1,0,2023-07-21.09_00_00.png
1,1,1,1,0,2023-07-21.07_58_54.png
1,0,0,0,0,2023-07-21.06_58_15.png
1,0,0,0,0,2023-07-21.06_16_20.png
0,0,0,1,0,2023-07-20.05_01_11.png
0,0,0,1,0,2023-07-20.05_01_11.png
0,0,0,1,0,2023-07-20.05_01_11.png
0,0,0,0,1,2023-07-19.16_54_34.png
0,0,0,1,0,2023-07-19.16_54_34.png
0,1,0,1,0,2023-07-19.12_58_30.png
0,1,1,1,0,2023-07-19.11_59_52.png
0,1,1,1,0,2023-07-19.11_00_35.png
0,0,0,1,0,2023-07-19.09_59_53.png
0,1,1,1,0,2023-07-19.09_01_59.png
0,0,1,1,0,2023-07-19.08_01_28.png
0,0,1,0,0,2023-07-19.07_00_52.png
1,0,0,0,0,2023-07-18.14_01_11.png
0,0,0,0,1,2023-07-16.16_40_47.png
0,1,0,1,0,2023-07-16.16_40_47.png
0,0,0,0,1,2023-07-16.16_40_47.png
0,1,0,0,0,2023-07-16.16_40_47.png
0,0,0,0,1,2023-07-16.15_59_12.png
0,0,0,0,1,2023-07-16.15_00_58.png
0,0,0,0,1,2023-07-16.13_58_29.png
0,0,0,0,1,2023-07-16.13_00_51.png
0,0,0,0,1,2023-07-16.10_59_42.png
0,0,0,0,1,2023-07-16.10_01_32.png
1,0,0,0,0,2023-07-16.09_00_45.png
1,0,0,0,0,2023-07-16.08_00_51.png
1,1,1,1,0,2023-07-16.07_29_34.png
1,1,1,0,0,2023-07-16.07_29_34.png
1,1,0,1,0,2023-07-16.07_29_34.png
1,1,1,1,0,2023-07-16.07_29_34.png
1,0,1,0,0,2023-07-16.07_29_34.png
0,0,0,0,1,2023-07-16.07_29_34.png
0,0,0,1,0,2023-07-15.16_36_11.png
0,1,1,1,0,2023-07-15.05_17_39.png
0,1,1,0,0,2023-07-15.05_17_39.png
0,0,1,0,0,2023-07-14.16_32_13.png
0,0,0,0,1,2023-07-14.16_32_13.png
0,1,0,1,0,2023-07-09.16_04_29.png
0,1,1,1,0,2023-07-09.16_04_29.png
0,1,1,1,0,2023-07-09.16_04_29.png
0,0,0,0,1,2023-07-09.16_04_29.png
0,0,0,1,0,2023-07-09.16_00_40.png
0,0,0,1,0,2023-07-09.14_59_43.png
0,0,0,0,1,2023-07-09.07_25_56.png
0,0,1,0,0,2023-07-08.16_04_05.png
0,1,0,0,0,2023-07-08.16_04_05.png
0,0,0,0,1,2023-07-08.16_04_05.png
0,0,0,0,1,2023-07-08.05_04_37.png
0,1,0,0,0,2023-07-07.15_52_32.png
0,1,0,1,0,2023-07-07.15_52_32.png
0,1,0,0,0,2023-07-07.15_52_32.png
0,0,0,0,1,2023-07-06.15_47_52.png
0,0,1,0,0,2023-07-06.15_47_52.png
0,0,1,0,0,2023-07-06.15_47_52.png
0,0,0,0,1,2023-07-06.15_47_52.png
0,0,1,0,0,2023-07-05.15_43_35.png
0,0,0,0,1,2023-07-05.15_43_35.png
0,0,1,0,0,2023-07-05.15_43_35.png
0,0,1,0,0,2023-07-05.15_43_35.png
1,1,0,0,0,2023-07-04.15_39_06.png
0,0,0,0,1,2023-07-04.15_39_06.png
0,0,0,0,1,2023-07-04.15_39_06.png
0,0,0,0,1,2023-07-04.07_00_23.png
0,0,0,0,1,2023-07-04.05_59_01.png
0,1,0,1,0,2023-07-04.05_35_53.png
0,1,0,1,0,2023-07-04.05_35_53.png
0,0,1,1,0,2023-07-04.05_35_53.png
0,0,1,1,0,2023-07-04.05_35_53.png
1,0,0,0,0,2023-07-04.05_35_53.png
1,0,0,0,0,2023-07-04.05_35_53.png
1,0,0,0,0,2023-07-04.05_35_53.png
0,0,0,0,1,2023-07-03.15_01_31.png
0,0,1,0,0,2023-07-03.08_58_57.png
0,0,0,0,1,2023-07-03.08_00_14.png
0,0,0,0,1,2023-07-03.06_59_18.png
0,0,0,1,0,2023-07-03.06_55_59.png
0,1,1,1,0,2023-07-03.06_55_59.png
0,1,1,1,0,2023-07-02.15_29_07.png
0,1,0,0,0,2023-07-02.15_29_07.png
0,1,0,1,0,2023-07-02.15_29_07.png
0,0,1,0,0,2023-07-02.15_29_07.png
0,0,0,0,1,2023-07-02.05_00_57.png
1,0,0,0,0,2023-07-02.05_00_57.png
1,0,1,0,0,2023-07-02.05_00_57.png
0,0,1,0,0,2023-07-02.05_00_57.png
0,0,1,0,0,2023-07-02.05_00_57.png
0,0,0,0,1,2023-07-01.11_59_04.png
0,0,0,0,1,2023-07-01.10_58_30.png
0,0,0,0,1,2023-07-01.09_57_50.png
0,0,1,0,0,2023-07-01.09_01_50.png
0,1,0,1,0,2023-06-30.15_22_36.png
1,1,1,0,0,2023-06-30.15_22_36.png
1,0,1,0,0,2023-06-30.15_22_36.png
0,0,1,0,0,2023-06-20.13_05_45.png
0,0,0,0,1,2023-06-20.13_05_45.png
0,0,0,0,1,2023-06-20.13_05_45.png
0,0,0,0,1,2023-06-20.13_05_45.png
0,0,0,0,1,2023-06-20.13_05_45.png
0,0,0,0,1,2023-06-20.13_05_45.png
0,0,0,0,1,2023-06-20.11_00_49.png
0,0,0,0,1,2023-06-20.05_02_22.png
0,0,1,0,0,2023-06-20.05_02_22.png
0,0,1,0,0,2023-06-20.05_02_22.png
0,0,0,0,1,2023-06-20.05_02_22.png
0,1,0,0,0,2023-06-17.05_00_08.png
0,0,0,0,1,2023-06-16.12_47_45.png
1,0,0,0,0,2023-06-16.12_47_45.png
1,0,0,0,0,2023-06-16.12_47_45.png
0,0,0,1,0,2023-06-15.14_48_11.png
1,1,0,1,0,2023-06-14.12_13_23.png
1,0,1,0,0,2023-06-14.12_13_23.png
1,0,1,0,0,2023-06-14.12_13_23.png
0,0,0,0,1,2023-06-14.12_01_40.png
0,0,0,0,1,2023-06-13.05_05_34.png
0,1,0,1,0,2023-06-13.05_05_34.png
1,1,1,0,0,2023-06-13.05_05_34.png
1,0,1,1,0,2023-06-13.05_05_34.png
1,1,1,0,0,2023-06-12.12_00_41.png
1,1,1,1,0,2023-06-12.12_00_41.png
0,0,1,0,0,2023-06-12.12_00_41.png
0,0,0,0,1,2023-06-12.12_00_41.png
0,0,0,0,1,2023-06-12.06_58_32.png
0,0,0,1,0,2023-06-10.11_47_14.png
0,0,0,1,0,2023-06-10.09_02_35.png
0,0,0,1,0,2023-06-10.08_01_44.png
0,0,1,0,0,2023-06-10.05_00_19.png
0,1,0,0,0,2023-06-10.05_00_19.png
0,0,0,0,1,2023-06-09.11_35_16.png
0,0,0,0,1,2023-06-07.05_00_21.png
0,0,0,0,1,2023-06-07.05_00_21.png
0,0,0,1,0,2023-06-02.18_12_06.png
0,0,0,0,1,2023-05-30.06_58_56.png
0,0,0,0,1,2023-05-30.05_59_30.png
0,0,0,0,1,2023-05-30.05_05_38.png
0,0,0,0,1,2023-05-30.05_05_38.png
0,0,0,0,1,2023-05-30.05_05_38.png
0,0,1,0,0,2023-05-30.05_05_38.png
0,0,0,0,1,2023-05-29.18_09_29.png
0,0,0,0,1,2023-05-29.18_09_29.png
0,0,0,0,1,2023-05-29.18_09_29.png
0,0,0,1,0,2023-05-29.17_01_21.png
0,0,0,0,1,2023-05-29.15_02_42.png
0,0,0,0,1,2023-05-29.13_01_21.png
0,0,0,0,1,2023-05-29.10_58_25.png
0,0,0,0,1,2023-05-28.18_02_51.png
0,0,0,0,1,2023-05-28.18_02_51.png
0,0,0,0,1,2023-05-28.18_02_51.png
0,0,0,1,0,2023-05-24.17_43_10.png
0,1,0,1,0,2023-05-21.05_58_47.png
0,0,0,0,1,2023-05-21.05_02_59.png
1,1,0,1,0,2023-05-21.05_02_59.png
1,1,1,1,0,2023-05-21.05_02_59.png
1,0,1,0,0,2023-05-21.05_02_59.png
1,0,0,0,0,2023-05-20.17_11_33.png
0,0,0,0,1,2023-05-17.05_00_47.png
0,0,0,0,1,2023-05-17.05_00_47.png
0,0,0,0,1,2023-05-17.05_00_47.png
0,0,0,0,1,2023-05-16.16_50_27.png
0,0,0,0,1,2023-05-16.16_50_27.png
0,0,1,0,0,2023-05-14.05_06_49.png
0,0,0,0,1,2023-05-14.05_06_49.png
0,0,0,0,1,2023-05-14.05_06_49.png
1,0,0,0,0,2023-05-14.05_06_49.png
1,1,1,1,0,2023-05-13.16_29_12.png
1,0,1,1,0,2023-05-13.16_29_12.png
1,1,1,1,0,2023-05-13.16_29_12.png
1,1,1,1,0,2023-05-13.16_29_12.png
1,1,1,1,0,2023-05-13.16_29_12.png
1,1,1,1,0,2023-05-13.16_29_12.png
1,0,0,1,0,2023-05-13.14_58_00.png
1,0,0,0,0,2023-05-13.13_59_42.png
0,0,0,0,1,2023-05-13.11_58_48.png
0,0,0,0,1,2023-05-13.10_57_44.png
0,0,0,0,1,2023-05-13.10_02_51.png
0,0,0,0,1,2023-05-13.08_59_45.png
0,0,0,1,0,2023-05-12.16_25_19.png
0,0,0,1,0,2023-05-11.16_16_30.png
0,0,0,0,1,2023-05-09.15_58_08.png
0,0,0,0,1,2023-05-09.15_58_08.png
1,1,1,1,0,2023-05-09.15_58_08.png
1,0,0,0,0,2023-05-09.15_58_08.png
1,0,1,0,0,2023-05-09.15_00_34.png
0,0,1,0,0,2023-05-09.13_58_56.png
0,0,0,0,1,2023-05-09.13_01_35.png
0,0,0,0,1,2023-05-09.10_01_43.png
0,0,1,0,0,2023-05-09.08_59_33.png
1,1,0,0,0,2023-05-09.08_00_00.png
1,0,1,0,0,2023-05-09.06_58_02.png
0,0,0,0,1,2023-05-09.06_01_35.png
0,0,1,0,0,2023-05-08.09_58_22.png
0,0,0,0,1,2023-05-08.09_02_17.png
0,0,1,0,0,2023-05-08.07_01_24.png
1,0,0,1,0,2023-05-08.05_04_18.png
1,1,1,0,0,2023-05-08.05_04_18.png
1,0,1,0,0,2023-05-07.15_49_49.png
0,0,0,0,1,2023-05-07.15_49_49.png
1,0,0,0,0,2023-05-04.05_01_06.png
1,0,0,0,0,2023-05-03.15_24_49.png
0,0,0,0,1,2023-05-03.15_24_49.png
0,0,0,0,1,2023-05-03.15_24_49.png
0,0,0,0,1,2023-05-03.15_24_49.png
0,0,0,0,1,2023-05-03.15_24_49.png
0,1,0,1,0,2023-05-03.12_58_28.png
0,0,1,1,0,2023-05-03.12_00_44.png
0,1,1,0,0,2023-05-03.10_58_58.png
0,0,0,0,1,2023-05-03.09_58_45.png
0,0,0,0,1,2023-05-03.05_02_32.png
0,0,1,0,0,2023-05-03.05_02_32.png
0,0,1,0,0,2023-05-03.05_02_32.png
0,0,0,0,1,2023-05-02.15_21_56.png
0,1,0,1,0,2023-05-02.15_21_56.png
0,1,1,0,0,2023-05-02.15_21_56.png
0,0,1,0,0,2023-05-02.15_21_56.png
0,0,0,0,1,2023-05-02.15_21_56.png
0,0,0,0,1,2023-05-02.10_01_29.png
0,1,0,0,0,2023-05-02.09_00_36.png
0,0,0,0,1,2023-05-02.05_58_01.png
1,1,0,0,0,2023-05-02.05_05_02.png
1,0,0,0,0,2023-05-02.05_05_02.png
1,0,0,0,0,2023-05-02.05_05_02.png
0,0,0,0,1,2023-05-01.15_17_32.png
0,0,0,0,1,2023-05-01.15_17_32.png
0,0,0,0,1,2023-05-01.15_17_32.png
0,0,0,0,1,2023-05-01.15_17_32.png
0,0,0,0,1,2023-05-01.05_02_27.png
0,0,0,0,1,2023-05-01.05_02_27.png
1,0,0,0,0,2023-05-01.05_02_27.png
1,0,0,0,0,2023-05-01.05_02_27.png
0,0,0,0,1,2023-05-01.05_02_27.png
0,0,0,1,0,2023-04-30.15_01_34.png
1,0,0,0,0,2023-04-30.15_01_34.png
1,1,0,1,0,2023-04-30.15_01_34.png
1,1,1,1,0,2023-04-30.15_01_34.png
1,1,1,1,0,2023-04-30.15_01_34.png
1,0,0,0,0,2023-04-30.15_01_34.png
1,0,1,1,0,2023-04-30.15_01_34.png
1,1,1,1,0,2023-04-30.15_01_34.png
1,1,1,1,0,2023-04-30.13_59_49.png
1,1,1,1,0,2023-04-30.13_01_33.png
1,0,1,0,0,2023-04-30.12_01_03.png
0,0,0,0,1,2023-04-30.10_59_39.png
1,0,0,0,0,2023-04-30.10_01_12.png
1,0,0,0,0,2023-04-30.09_00_53.png
0,0,0,0,1,2023-04-30.06_58_17.png
0,0,0,0,1,2023-04-30.05_59_07.png
0,0,0,1,0,2023-04-29.12_57_16.png
0,0,0,0,1,2023-04-29.12_01_17.png
0,0,0,0,1,2023-04-29.10_59_59.png
1,0,0,0,0,2023-04-29.09_59_02.png
1,0,1,0,0,2023-04-29.08_58_09.png
1,1,1,0,0,2023-04-29.08_01_55.png
1,0,1,0,0,2023-04-29.07_00_59.png
1,1,1,1,0,2023-04-29.06_01_20.png
1,1,1,1,0,2023-04-29.05_00_57.png
1,1,1,1,0,2023-04-29.05_00_57.png
1,1,1,1,0,2023-04-29.05_00_57.png
1,1,1,1,0,2023-04-29.05_00_57.png
1,1,1,1,0,2023-04-29.05_00_57.png
1,1,1,1,0,2023-04-29.05_00_57.png
1,1,1,1,0,2023-04-29.05_00_57.png
1,1,1,1,0,2023-04-28.14_41_23.png
1,1,1,1,0,2023-04-28.14_41_23.png
1,1,1,1,0,2023-04-28.14_41_23.png
1,1,1,1,0,2023-04-28.14_41_23.png
1,1,1,1,0,2023-04-28.14_41_23.png
1,1,1,1,0,2023-04-28.14_41_23.png
1,1,1,1,0,2023-04-28.14_41_23.png
1,1,1,1,0,2023-04-28.13_59_03.png
1,1,1,1,0,2023-04-28.12_57_32.png
1,1,1,1,0,2023-04-28.11_57_03.png
0,1,1,0,0,2023-04-28.10_56_55.png
0,0,0,0,1,2023-04-28.10_02_27.png
0,0,0,1,0,2023-04-27.07_59_15.png
0,0,1,1,0,2023-04-27.07_00_52.png
0,1,0,1,0,2023-04-27.06_00_23.png
0,1,0,0,0,2023-04-27.05_01_07.png
0,0,0,1,0,2023-04-27.05_01_07.png
1,0,0,1,0,2023-04-27.05_01_07.png
1,0,0,0,0,2023-04-27.05_01_07.png
1,0,0,0,0,2023-04-27.05_01_07.png
1,0,0,0,0,2023-04-27.05_01_07.png
1,0,0,0,0,2023-04-27.05_01_07.png
0,0,0,0,1,2023-04-26.14_13_27.png
0,1,0,0,0,2023-04-26.14_13_27.png
0,0,0,0,1,2023-04-26.14_13_27.png
0,0,0,1,0,2023-04-26.14_13_27.png
0,0,0,0,1,2023-04-26.13_59_30.png
1,0,0,0,0,2023-04-26.12_58_27.png
1,0,0,0,0,2023-04-26.11_57_50.png
1,0,0,0,0,2023-04-26.10_57_19.png
0,0,0,0,1,2023-04-26.10_00_15.png
0,0,0,0,1,2023-04-23.13_43_01.png
0,0,0,0,1,2023-04-23.13_43_01.png
1,0,0,0,0,2023-04-23.13_43_01.png
1,0,0,0,0,2023-04-23.13_43_01.png
0,0,0,0,1,2023-04-23.05_02_16.png
0,1,0,1,0,2023-04-23.05_02_16.png
0,1,1,1,0,2023-04-23.05_02_16.png
0,0,0,0,1,2023-04-23.05_02_16.png
0,0,0,0,1,2023-04-23.05_02_16.png
0,1,0,1,0,2023-04-23.05_02_16.png
1,1,1,1,0,2023-04-23.05_02_16.png
1,1,0,1,0,2023-04-22.13_24_58.png
1,1,1,1,0,2023-04-22.13_24_58.png
1,1,1,0,0,2023-04-22.13_24_58.png
1,0,1,0,0,2023-04-22.13_24_58.png
1,0,1,0,0,2023-04-22.13_24_58.png
0,0,0,1,0,2023-04-22.05_05_17.png
0,0,0,1,0,2023-04-19.12_59_30.png
0,0,0,0,1,2023-04-17.06_58_59.png
0,0,1,0,0,2023-04-17.06_00_15.png
0,0,0,0,1,2023-04-17.05_04_05.png
0,0,0,1,0,2023-04-15.11_24_46.png
1,0,0,0,0,2023-04-15.11_24_46.png
1,1,0,0,0,2023-04-15.11_24_46.png
1,0,0,0,0,2023-04-15.11_24_46.png
0,1,0,0,0,2023-04-15.11_24_46.png
1,0,0,0,0,2023-04-15.11_24_46.png
1,0,1,0,0,2023-04-15.11_01_15.png
1,0,0,0,0,2023-04-15.09_58_52.png
0,1,1,1,0,2023-04-15.09_01_03.png
0,1,0,1,0,2023-04-15.07_58_55.png
0,0,0,0,1,2023-04-15.07_00_16.png
0,0,0,0,1,2023-04-15.05_02_54.png
0,0,0,0,1,2023-04-15.05_02_54.png
0,0,0,1,0,2023-04-12.05_04_53.png
0,0,0,0,1,2023-04-07.10_12_48.png
0,0,0,0,1,2023-04-07.10_12_48.png
0,0,0,0,1,2023-04-07.10_12_48.png
0,0,0,0,1,2023-04-07.10_12_48.png
0,0,0,0,1,2023-04-07.10_12_48.png
0,0,0,0,1,2023-04-07.05_00_16.png
0,1,0,1,0,2023-04-07.05_00_16.png
0,1,0,1,0,2023-04-07.05_00_16.png
0,0,1,0,0,2023-04-07.05_00_16.png
0,0,0,0,1,2023-04-07.05_00_16.png
0,0,0,1,0,2023-04-03.09_48_04.png
0,0,0,0,1,2023-04-02.05_05_23.png
0,0,0,0,1,2023-04-02.05_05_23.png
0,0,0,0,1,2023-04-02.05_05_23.png
1,1,1,0,0,2023-04-02.05_05_23.png
1,0,0,0,0,2023-04-02.05_05_23.png
0,0,0,0,1,2023-04-02.05_05_23.png
0,1,0,0,0,2023-04-01.09_31_01.png
1,1,1,0,0,2023-04-01.09_31_01.png
1,1,1,1,0,2023-04-01.09_31_01.png
1,1,1,1,0,2023-04-01.09_31_01.png
1,1,1,1,0,2023-04-01.09_31_01.png
0,1,1,1,0,2023-04-01.09_31_01.png
0,1,0,0,0,2023-04-01.09_31_01.png
0,0,1,0,0,2023-04-01.09_31_01.png
1,0,0,0,0,2023-04-01.09_01_40.png
1,0,0,0,0,2023-04-01.07_58_44.png
1,0,1,0,0,2023-04-01.06_58_28.png
0,0,0,0,1,2023-04-01.06_01_19.png
0,0,0,0,1,2023-04-01.05_00_55.png
0,0,0,0,1,2023-04-01.05_00_55.png
0,0,0,0,1,2023-03-28.05_05_43.png
0,1,0,1,0,2023-03-27.09_08_26.png
0,1,0,1,0,2023-03-27.09_08_26.png
0,0,0,1,0,2023-03-26.09_00_36.png
0,0,0,1,0,2023-03-26.07_56_31.png
0,0,0,0,1,2023-03-26.05_05_05.png
0,0,0,0,1,2023-03-26.05_05_05.png
0,0,0,0,1,2023-03-26.05_05_05.png
0,0,0,1,0,2023-03-26.05_05_05.png
0,0,0,0,1,2023-03-26.05_05_05.png
0,1,0,1,0,2023-03-25.08_51_28.png
0,1,1,0,0,2023-03-25.08_51_28.png
0,0,0,0,1,2023-03-25.08_51_28.png
0,1,0,1,0,2023-03-25.08_51_28.png
1,1,1,1,0,2023-03-25.08_51_28.png
1,0,0,0,0,2023-03-25.08_51_28.png
1,0,0,0,0,2023-03-25.08_51_28.png
0,0,0,1,0,2023-03-25.08_51_28.png
0,1,1,1,0,2023-03-25.08_01_14.png
0,0,0,0,1,2023-03-25.07_02_02.png
0,0,0,1,0,2023-03-25.05_02_37.png
0,0,1,1,0,2023-03-25.05_02_37.png
0,0,0,0,1,2023-03-25.05_02_37.png
0,1,0,0,0,2023-03-25.05_02_37.png
0,1,1,1,0,2023-03-25.05_02_37.png
0,1,1,1,0,2023-03-25.05_02_37.png
0,1,1,1,0,2023-03-25.05_02_37.png
0,0,1,0,0,2023-03-25.05_02_37.png
0,1,1,0,0,2023-03-25.05_02_37.png
1,1,0,1,0,2023-03-25.05_02_37.png
1,0,0,0,0,2023-03-25.05_02_37.png
1,0,0,1,0,2023-03-24.08_45_49.png
1,0,1,0,0,2023-03-24.08_45_49.png
1,1,0,1,0,2023-03-24.08_45_49.png
1,0,1,1,0,2023-03-24.08_45_49.png
1,1,1,1,0,2023-03-24.08_45_49.png
1,1,1,1,0,2023-03-24.08_45_49.png
1,1,1,0,0,2023-03-24.08_45_49.png
0,0,0,1,0,2023-03-24.08_45_49.png
0,0,0,1,0,2023-03-24.08_45_49.png
0,1,0,1,0,2023-03-24.07_59_51.png
0,0,1,1,0,2023-03-24.06_58_00.png
0,0,1,1,0,2023-03-24.05_58_57.png
1,1,1,1,0,2023-03-24.05_00_25.png
1,0,1,1,0,2023-03-24.05_00_25.png
0,0,0,1,0,2023-03-24.05_00_25.png
1,0,0,0,0,2023-03-24.05_00_25.png
1,0,0,1,0,2023-03-23.11_02_57.png
1,0,0,1,0,2023-03-23.11_02_57.png
0,1,0,1,0,2023-03-23.11_02_57.png
1,0,0,0,0,2023-03-23.11_02_57.png
1,0,0,0,0,2023-03-23.11_02_57.png
1,0,0,0,0,2023-03-23.11_02_57.png
1,0,0,0,0,2023-03-23.11_02_57.png
0,0,0,0,1,2023-03-23.06_14_04.png
0,0,0,1,0,2023-03-22.05_05_10.png
0,0,0,0,1,2023-03-18.07_00_49.png
0,0,0,0,1,2023-03-18.06_00_01.png
0,0,0,0,1,2023-03-18.05_01_21.png
1,1,1,0,0,2023-03-18.05_01_21.png
1,0,1,0,0,2023-03-18.05_01_21.png
0,0,0,0,1,2023-03-18.05_01_21.png
0,0,0,0,1,2023-03-17.13_25_56.png
1,0,1,0,0,2023-03-17.13_25_56.png
1,0,1,1,0,2023-03-17.13_25_56.png
0,0,0,0,1,2023-03-17.13_25_56.png
0,0,0,0,1,2023-03-17.13_25_56.png
0,0,1,0,0,2023-03-14.13_10_42.png
0,0,0,0,1,2023-03-14.11_00_14.png
0,0,0,0,1,2023-03-14.05_58_45.png
0,0,1,0,0,2023-03-13.11_00_48.png
0,0,0,0,1,2023-03-13.09_59_38.png
0,0,0,0,1,2023-03-13.08_59_31.png
0,0,1,0,0,2023-03-13.07_59_59.png
1,0,1,0,0,2023-03-13.07_01_38.png
1,0,1,0,0,2023-03-13.06_00_24.png
0,1,0,1,0,2023-03-13.05_00_09.png
1,0,1,0,0,2023-03-13.05_00_09.png
0,0,1,0,0,2023-03-13.05_00_09.png
0,0,0,0,1,2023-03-13.05_00_09.png
0,0,1,0,0,2023-03-13.05_00_09.png
0,0,0,0,1,2023-03-13.05_00_09.png
0,0,0,0,1,2023-03-13.05_00_09.png
0,0,0,0,1,2023-03-13.05_00_09.png
0,0,0,0,1,2023-03-12.13_03_27.png
0,0,0,0,1,2023-03-12.13_03_27.png
0,0,0,0,1,2023-03-12.13_03_27.png
0,0,0,0,1,2023-03-11.06_00_43.png
0,1,1,0,0,2023-03-11.06_00_43.png
1,1,1,1,0,2023-03-11.06_00_43.png
1,1,1,1,0,2023-03-11.06_00_43.png
1,1,0,0,0,2023-03-10.13_56_18.png
1,1,1,1,0,2023-03-10.13_56_18.png
0,0,1,0,0,2023-03-10.13_56_18.png
0,0,0,1,0,2023-03-10.13_56_18.png
0,0,0,0,1,2023-03-10.13_56_18.png
0,0,1,0,0,2023-03-10.13_56_18.png
0,0,0,0,1,2023-03-10.13_56_18.png
0,0,0,0,1,2023-03-07.13_37_28.png
0,0,0,0,1,2023-03-07.13_37_28.png
0,0,0,0,1,2023-03-04.13_16_02.png
0,0,0,0,1,2023-03-04.12_57_43.png
0,0,0,0,1,2023-03-04.07_59_06.png
0,0,0,0,1,2023-03-04.06_59_45.png
1,0,0,1,0,2023-03-04.06_00_29.png
1,1,1,1,0,2023-03-04.06_00_29.png
1,1,1,1,0,2023-03-04.06_00_29.png
1,1,1,1,0,2023-03-04.06_00_29.png
1,1,1,1,0,2023-03-04.06_00_29.png
1,1,1,1,0,2023-03-04.06_00_29.png
1,1,1,1,0,2023-03-04.06_00_29.png
1,1,1,1,0,2023-03-04.06_00_29.png
1,1,1,1,0,2023-03-04.06_00_29.png
1,0,0,0,0,2023-03-03.13_12_06.png
1,1,1,1,0,2023-03-03.13_12_06.png
1,1,1,1,0,2023-03-03.13_12_06.png
0,1,1,0,0,2023-03-03.13_12_06.png
0,0,0,0,1,2023-03-03.13_12_06.png
0,0,0,0,1,2023-03-03.13_12_06.png
1,0,0,0,0,2023-03-02.13_00_59.png
1,0,1,0,0,2023-03-02.11_58_17.png
0,0,0,0,1,2023-03-02.10_59_45.png
0,1,0,0,0,2023-03-02.09_59_10.png
0,1,0,0,0,2023-03-02.09_01_04.png
1,0,0,0,0,2023-02-28.12_58_48.png
1,0,0,0,0,2023-02-28.12_58_48.png
0,0,0,1,0,2023-02-28.12_58_48.png
0,1,0,1,0,2023-02-28.11_58_10.png
0,1,0,0,0,2023-02-28.10_57_45.png
0,0,0,0,1,2023-02-28.10_01_22.png
1,0,0,0,0,2023-02-28.09_00_06.png
1,0,0,0,0,2023-02-28.08_01_24.png
0,0,1,0,0,2023-02-28.06_59_12.png
1,1,1,1,0,2023-02-28.06_01_25.png
1,1,1,1,0,2023-02-28.06_01_25.png
1,1,0,1,0,2023-02-28.06_01_25.png
1,1,1,1,0,2023-02-28.06_01_25.png
1,1,1,1,0,2023-02-28.06_01_25.png
1,1,1,1,0,2023-02-28.06_01_25.png
1,1,1,1,0,2023-02-28.06_01_25.png
0,1,0,1,0,2023-02-27.12_48_23.png
0,0,0,0,1,2023-02-27.12_48_23.png
0,0,0,0,1,2023-02-27.12_48_23.png
0,0,0,0,1,2023-02-26.06_12_11.png
0,0,0,0,1,2023-02-25.12_40_34.png
0,0,0,0,1,2023-02-25.12_40_34.png
0,0,0,0,1,2023-02-25.12_40_34.png
0,0,0,0,1,2023-02-25.12_40_34.png
0,0,0,0,1,2023-02-25.12_40_34.png
0,0,0,0,1,2023-02-25.12_40_34.png
0,0,0,0,1,2023-02-24.12_36_57.png
0,0,0,0,1,2023-02-24.10_58_53.png
0,0,0,0,1,2023-02-23.10_58_54.png
0,0,0,0,1,2023-02-23.06_59_42.png
1,0,0,0,0,2023-02-22.12_18_57.png
1,1,1,1,0,2023-02-22.12_18_57.png
1,0,1,1,0,2023-02-22.12_18_57.png
0,0,0,0,1,2023-02-22.12_18_57.png
0,0,0,0,1,2023-02-21.12_14_22.png
0,0,0,1,0,2023-02-21.12_14_22.png
1,0,0,0,0,2023-02-21.12_14_22.png
0,0,1,0,0,2023-02-21.12_14_22.png
0,0,0,0,1,2023-02-21.10_01_06.png
1,1,1,0,0,2023-02-21.09_01_22.png
1,0,1,0,0,2023-02-21.07_59_31.png
1,0,0,0,0,2023-02-21.06_57_28.png
0,0,0,1,0,2023-02-20.12_09_33.png
0,0,0,0,1,2023-02-18.06_04_06.png
0,0,0,0,1,2023-02-18.06_04_06.png
0,0,0,0,1,2023-02-17.11_46_38.png
0,0,0,0,1,2023-02-17.11_46_38.png
0,0,0,0,1,2023-02-17.11_46_38.png
1,1,1,0,0,2023-02-17.11_46_38.png
0,0,0,1,0,2023-02-17.11_46_38.png
1,1,1,1,0,2023-02-17.11_46_38.png
1,1,1,1,0,2023-02-17.11_46_38.png
1,1,1,1,0,2023-02-17.11_46_38.png
1,1,1,1,0,2023-02-17.10_58_43.png
1,1,1,1,0,2023-02-17.09_58_37.png
0,0,1,0,0,2023-02-17.08_58_43.png
0,0,0,0,1,2023-02-17.07_58_32.png
1,0,0,0,0,2023-02-17.06_03_24.png
1,0,1,0,0,2023-02-17.06_03_24.png
0,0,0,0,1,2023-02-17.06_03_24.png
1,0,1,0,0,2023-02-17.06_03_24.png
1,0,0,0,0,2023-02-17.06_03_24.png
0,0,1,0,0,2023-02-17.06_03_24.png
0,1,0,0,0,2023-02-17.06_03_24.png
1,1,0,1,0,2023-02-17.06_03_24.png
1,1,1,1,0,2023-02-16.11_38_11.png
1,1,1,1,0,2023-02-16.11_38_11.png
1,1,1,0,0,2023-02-16.11_38_11.png
0,0,0,0,1,2023-02-16.11_38_11.png
0,0,0,1,0,2023-02-15.11_32_41.png
0,0,0,0,1,2023-02-15.11_32_41.png
0,0,0,0,1,2023-02-15.11_32_41.png
0,0,0,0,1,2023-02-13.08_58_11.png
0,0,1,0,0,2023-02-13.08_02_02.png
0,0,1,0,0,2023-02-13.06_58_05.png
1,0,1,0,0,2023-02-13.06_03_42.png
1,0,1,0,0,2023-02-13.06_03_42.png
1,1,1,1,0,2023-02-13.06_03_42.png
1,1,1,1,0,2023-02-13.06_03_42.png
1,1,1,1,0,2023-02-13.06_03_42.png
1,1,1,1,0,2023-02-13.06_03_42.png
1,1,1,0,0,2023-02-13.06_03_42.png
1,0,1,1,0,2023-02-13.06_03_42.png
1,1,1,1,0,2023-02-13.06_03_42.png
1,1,1,1,0,2023-02-12.11_15_15.png
0,1,1,1,0,2023-02-12.11_15_15.png
0,1,0,0,0,2023-02-12.11_15_15.png
0,0,0,0,1,2023-02-12.11_15_15.png
0,0,0,0,1,2023-02-12.11_15_15.png
0,0,0,0,1,2023-02-10.10_59_52.png
0,0,0,0,1,2023-02-10.10_59_52.png
0,0,0,0,1,2023-02-09.10_01_00.png
0,0,0,0,1,2023-02-09.09_00_20.png
0,0,0,0,1,2023-02-09.08_03_07.png
0,0,0,1,0,2023-02-08.10_45_17.png
0,0,0,0,1,2023-02-03.10_08_02.png
0,0,0,0,1,2023-02-03.10_08_02.png
0,0,0,0,1,2023-02-03.10_08_02.png
0,0,0,0,1,2023-02-01.10_00_06.png
0,1,1,0,0,2023-02-01.10_00_06.png
0,0,1,0,0,2023-02-01.08_58_40.png
0,0,0,0,1,2023-02-01.08_00_41.png
0,0,0,0,1,2023-02-01.07_01_29.png
0,0,1,0,0,2023-02-01.06_04_59.png
0,0,1,0,0,2023-02-01.06_04_59.png
0,0,0,1,0,2023-02-01.06_04_59.png
0,0,0,0,1,2023-02-01.06_04_59.png
0,0,0,0,1,2023-01-31.09_59_55.png
0,0,1,0,0,2023-01-31.09_59_55.png
0,0,1,0,0,2023-01-31.09_59_55.png
0,1,1,0,0,2023-01-31.09_59_55.png
0,1,1,1,0,2023-01-31.09_59_55.png
0,1,1,1,0,2023-01-31.09_59_55.png
0,1,1,1,0,2023-01-31.09_59_55.png
0,0,0,0,1,2023-01-31.09_59_55.png
0,0,0,0,1,2023-01-30.06_01_09.png
0,0,0,0,1,2023-01-30.06_01_09.png
0,0,1,0,0,2023-01-30.06_01_09.png
0,0,0,0,1,2023-01-29.09_52_46.png
0,0,0,1,0,2023-01-29.09_52_46.png
0,0,0,0,1,2023-01-29.09_52_46.png
0,0,0,1,0,2023-01-26.06_03_57.png
0,1,0,1,0,2023-01-26.06_03_57.png
1,1,1,1,0,2023-01-26.06_03_57.png
1,1,1,1,0,2023-01-26.06_03_57.png
1,1,1,1,0,2023-01-26.06_03_57.png
1,1,1,1,0,2023-01-26.06_03_57.png
1,1,1,1,0,2023-01-26.06_03_57.png
1,1,1,1,0,2023-01-26.06_03_57.png
1,1,1,1,0,2023-01-26.06_03_57.png
1,1,1,1,0,2023-01-25.09_21_44.png
0,1,1,1,0,2023-01-25.09_21_44.png
0,0,0,0,1,2023-01-25.09_21_44.png
1,0,0,0,0,2023-01-23.09_12_51.png
1,0,1,0,0,2023-01-23.09_12_51.png
1,1,1,1,0,2023-01-23.09_12_51.png
1,1,1,1,0,2023-01-23.09_12_51.png
1,1,1,1,0,2023-01-23.09_12_51.png
1,1,1,0,0,2023-01-23.09_12_51.png
1,1,1,1,0,2023-01-23.09_00_27.png
1,0,0,0,0,2023-01-23.07_59_28.png
0,1,0,0,0,2023-01-23.06_04_30.png
1,1,0,0,0,2023-01-23.06_04_30.png
1,1,1,1,0,2023-01-23.06_04_30.png
1,1,1,1,0,2023-01-23.06_04_30.png
1,1,1,1,0,2023-01-23.06_04_30.png
1,1,1,1,0,2023-01-23.06_04_30.png
1,1,1,0,0,2023-01-23.06_04_30.png
0,1,1,0,0,2023-01-23.06_04_30.png
1,1,1,0,0,2023-01-23.06_04_30.png
1,1,1,1,0,2023-01-23.06_04_30.png
0,0,0,1,0,2023-01-22.09_04_08.png
0,0,0,0,1,2023-01-22.09_04_08.png
0,0,0,0,1,2023-01-22.09_04_08.png
0,0,0,0,1,2023-01-20.08_48_27.png
0,0,1,0,0,2023-01-20.08_00_52.png
1,1,1,1,0,2023-01-20.06_02_47.png
0,0,0,0,1,2023-01-20.06_02_47.png
0,0,0,0,1,2023-01-20.06_02_47.png
0,1,0,1,0,2023-01-19.08_45_57.png
1,0,1,0,0,2023-01-19.08_45_57.png
0,0,1,0,0,2023-01-19.08_45_57.png
0,1,0,1,0,2023-01-19.08_45_57.png
1,1,1,1,0,2023-01-19.08_45_57.png
1,0,0,0,0,2023-01-19.08_45_57.png
0,0,0,0,1,2023-01-19.08_45_57.png
0,0,0,0,1,2023-01-19.06_57_29.png
0,0,0,1,0,2023-01-18.06_00_33.png
1,0,0,0,0,2023-01-18.06_00_33.png
0,0,0,0,1,2023-01-17.08_33_57.png
0,0,1,1,0,2023-01-17.08_33_57.png
0,0,1,0,0,2023-01-17.08_33_57.png
0,0,0,0,1,2023-01-17.08_33_57.png
0,0,0,0,1,2023-01-17.08_33_57.png
0,0,0,0,1,2023-01-17.08_33_57.png
0,0,1,0,0,2023-01-14.06_01_10.png
0,0,0,0,1,2023-01-13.08_06_06.png
0,0,0,1,0,2023-01-13.08_06_06.png
0,1,0,1,0,2023-01-13.08_06_06.png
0,1,1,0,0,2023-01-13.08_06_06.png
1,0,1,1,0,2023-01-13.08_06_06.png
1,1,1,1,0,2023-01-13.08_06_06.png
1,1,1,1,0,2023-01-13.08_01_18.png
0,1,1,1,0,2023-01-13.06_59_43.png
1,1,1,1,0,2023-01-13.06_02_16.png
1,1,1,1,0,2023-01-13.06_02_16.png
1,1,1,1,0,2023-01-13.06_02_16.png
0,0,1,1,0,2023-01-13.06_02_16.png
0,0,1,0,0,2023-01-13.06_02_16.png
0,0,0,0,1,2023-01-13.06_02_16.png
0,0,0,0,1,2023-01-13.06_02_16.png
0,0,0,0,1,2023-01-12.08_03_13.png
0,0,0,1,0,2023-01-12.07_58_31.png
0,1,0,1,0,2023-01-12.07_00_48.png
0,0,1,0,0,2023-01-12.06_04_10.png
0,0,0,0,1,2023-01-12.06_04_10.png
0,0,0,0,1,2023-01-12.06_04_10.png
0,0,0,1,0,2023-01-09.07_01_59.png
0,1,0,0,0,2023-01-09.06_04_10.png
0,1,0,0,0,2023-01-09.06_04_10.png
0,0,0,0,1,2023-01-09.06_04_10.png
0,0,0,0,1,2023-01-07.06_02_50.png
0,0,0,0,1,2023-01-06.07_26_30.png
0,0,0,1,0,2023-01-06.07_26_30.png
0,0,0,1,0,2023-01-06.06_58_23.png
1,0,0,1,0,2023-01-06.06_01_14.png
1,1,0,0,0,2023-01-06.06_01_14.png
0,0,0,0,1,2023-01-06.06_01_14.png
0,0,0,0,1,2023-01-06.06_01_14.png
1,0,0,0,0,2023-01-06.06_01_14.png
0,0,0,1,0,2023-01-05.06_06_25.png
0,0,0,0,1,2023-01-05.06_06_25.png
0,0,0,0,1,2023-01-04.06_03_39.png
0,0,0,0,1,2023-01-04.06_03_39.png
1,0,0,0,0,2023-01-03.07_08_03.png
0,0,1,0,0,2023-01-03.07_08_03.png
0,0,1,0,0,2023-01-03.07_08_03.png
1,0,0,0,0,2023-01-03.07_08_03.png
0,0,1,0,0,2023-01-01.06_04_01.png
1,1,1,1,0,2023-01-01.06_04_01.png
1,1,1,1,0,2023-01-01.06_04_01.png
1,0,1,1,0,2023-01-01.06_04_01.png
1,1,1,1,0,2023-01-01.06_04_01.png
0,1,1,1,0,2023-01-01.06_04_01.png
0,1,0,1,0,2023-01-01.06_04_01.png
0,0,0,0,1,2022-12-31.06_55_43.png
0,0,0,0,1,2022-12-31.06_55_43.png
0,0,1,0,0,2022-12-31.06_55_43.png
0,0,0,1,0,2022-12-30.06_05_35.png
0,0,0,0,1,2022-12-23.16_59_36.png
0,1,0,1,0,2022-12-23.15_58_30.png
0,1,1,1,0,2022-12-23.14_58_49.png
0,1,1,1,0,2022-12-23.13_58_14.png
0,1,1,1,0,2022-12-23.13_33_31.png
0,0,1,0,0,2022-12-23.13_33_31.png
0,0,0,0,1,2022-12-23.13_33_31.png
0,0,1,0,0,2022-12-23.13_33_31.png
0,0,0,0,1,2022-12-23.05_52_32.png
0,0,0,0,1,2022-12-23.05_52_32.png
1,1,1,1,0,2022-12-23.05_52_32.png
1,1,1,1,0,2022-12-23.05_01_21.png
1,1,1,1,0,2022-12-23.04_00_02.png
1,1,1,1,0,2022-12-23.01_57_30.png
1,1,1,1,0,2022-12-23.01_01_49.png
1,1,1,1,0,2022-12-22.23_57_30.png
0,1,1,1,0,2022-12-22.23_01_46.png
1,1,1,1,0,2022-12-22.22_00_38.png
1,1,1,1,0,2022-12-22.20_02_30.png
1,1,1,1,0,2022-12-22.18_36_08.png
0,1,1,1,0,2022-12-22.18_36_08.png
0,1,1,1,0,2022-12-22.18_36_08.png
0,0,1,0,0,2022-12-22.18_36_08.png
0,0,0,0,1,2022-12-22.05_49_16.png
0,0,0,0,1,2022-12-22.05_49_16.png
0,0,0,0,1,2022-12-18.08_44_23.png
0,0,0,0,1,2022-12-18.05_31_11.png
1,0,0,0,0,2022-12-16.12_58_51.png
1,0,0,0,0,2022-12-16.12_01_43.png
0,1,0,1,0,2022-12-16.11_02_20.png
1,1,0,1,0,2022-12-16.10_01_14.png
0,1,0,1,0,2022-12-16.09_51_49.png
1,1,1,1,0,2022-12-16.09_51_49.png
1,1,1,0,0,2022-12-16.05_19_30.png
1,0,1,1,0,2022-12-16.05_19_30.png
1,1,1,1,0,2022-12-16.03_59_31.png
1,1,1,1,0,2022-12-16.03_02_05.png
1,1,1,1,0,2022-12-16.02_01_04.png
1,1,1,1,0,2022-12-16.01_00_50.png
1,1,1,1,0,2022-12-15.23_59_31.png
0,1,1,1,0,2022-12-15.22_59_39.png
1,1,1,1,0,2022-12-15.21_59_13.png
1,1,1,1,0,2022-12-15.20_57_15.png
1,1,1,1,0,2022-12-15.20_01_37.png
1,1,1,1,0,2022-12-15.19_55_31.png
1,1,1,1,0,2022-12-15.19_55_31.png
1,1,1,1,0,2022-12-15.19_55_31.png
1,1,1,1,0,2022-12-15.19_55_31.png
1,1,1,1,0,2022-12-15.19_55_31.png
1,1,1,1,0,2022-12-15.19_55_31.png
1,1,1,1,0,2022-12-15.19_55_31.png
1,1,1,1,0,2022-12-15.05_17_05.png
1,1,1,1,0,2022-12-15.05_17_05.png
1,1,1,1,0,2022-12-15.05_17_05.png
0,1,1,1,0,2022-12-15.05_17_05.png
0,0,1,0,0,2022-12-15.05_17_05.png
0,0,0,0,1,2022-12-15.05_17_05.png
0,0,0,0,1,2022-12-11.17_59_58.png
0,1,0,1,0,2022-12-11.15_59_20.png
0,0,0,0,1,2022-12-11.14_58_53.png
0,0,0,0,1,2022-12-11.14_00_40.png
0,1,0,1,0,2022-12-11.12_59_43.png
0,1,0,1,0,2022-12-11.12_02_11.png
0,0,0,0,1,2022-12-11.11_01_20.png
0,0,0,0,1,2022-12-11.09_31_43.png
0,0,0,0,1,2022-12-09.06_44_57.png
0,0,0,0,1,2022-12-09.06_44_57.png
1,0,0,0,0,2022-12-08.15_59_59.png
0,0,1,0,0,2022-12-07.16_58_42.png
0,0,0,0,1,2022-12-07.15_58_09.png
0,0,1,0,0,2022-12-07.15_01_08.png
0,0,0,1,0,2022-12-07.14_00_48.png
0,0,0,0,1,2022-12-07.13_00_02.png
0,1,0,0,0,2022-12-07.07_02_46.png
0,1,0,1,0,2022-12-07.07_02_46.png
0,0,1,0,0,2022-12-07.07_02_46.png
0,0,0,0,1,2022-12-07.11_59_15.png
0,1,0,1,0,2022-12-07.07_02_46.png
0,0,0,1,0,2022-12-06.20_32_08.png
0,1,0,1,0,2022-12-06.20_32_08.png
0,1,1,1,0,2022-12-06.20_32_08.png
0,0,1,0,0,2022-12-06.20_32_08.png
0,0,0,0,1,2022-12-06.20_32_08.png
0,0,0,0,1,2022-12-06.20_02_25.png
0,1,0,0,0,2022-12-06.18_58_51.png
0,1,0,1,0,2022-12-06.17_58_24.png
0,0,0,0,1,2022-12-06.16_59_20.png
0,1,0,1,0,2022-12-06.15_59_49.png
0,1,1,1,0,2022-12-06.14_58_16.png
0,1,1,1,0,2022-12-06.13_58_53.png
0,0,0,0,1,2022-12-06.12_59_03.png
0,1,0,1,0,2022-12-06.12_00_25.png
0,1,0,1,0,2022-12-06.10_58_10.png
0,0,0,0,1,2022-12-06.10_21_01.png
0,0,0,0,1,2022-12-06.10_21_01.png
0,1,0,1,0,2022-12-03.17_02_19.png
0,1,1,1,0,2022-12-03.17_02_19.png
0,1,1,1,0,2022-12-03.17_02_19.png
0,1,1,1,0,2022-12-03.17_02_19.png
0,0,0,0,1,2022-12-03.05_56_24.png
0,0,0,0,1,2022-12-03.05_56_24.png
0,0,0,0,1,2022-12-03.05_56_24.png
0,0,0,0,1,2022-12-03.05_56_24.png
0,0,0,0,1,2022-12-03.05_56_24.png
0,0,0,0,1,2022-12-03.05_56_24.png
0,0,0,0,1,2022-12-01.00_59_25.png
0,0,0,0,1,2022-11-30.22_59_31.png
0,0,0,0,1,2022-11-30.21_59_46.png
0,0,0,0,1,2022-11-30.20_59_49.png
0,0,0,0,1,2022-11-30.20_50_21.png
0,1,0,0,0,2022-11-30.20_50_21.png
0,0,1,0,0,2022-11-30.20_50_21.png
0,1,1,0,0,2022-11-30.20_50_21.png
0,1,1,0,0,2022-11-30.20_50_21.png
0,1,1,0,0,2022-11-30.05_37_49.png
0,0,1,0,0,2022-11-30.05_37_49.png
0,0,1,0,0,2022-11-30.05_37_49.png
0,0,0,0,1,2022-11-30.05_37_49.png
0,0,0,0,1,2022-11-30.05_37_49.png
0,0,0,0,1,2022-11-30.05_37_49.png
0,0,1,0,0,2022-11-28.14_58_28.png
0,0,0,0,1,2022-11-27.22_01_06.png
0,1,0,0,0,2022-11-27.21_02_01.png
0,0,1,0,0,2022-11-27.19_58_45.png
0,1,0,0,0,2022-11-27.18_59_25.png
0,1,1,0,0,2022-11-27.18_01_52.png
0,1,1,0,0,2022-11-27.17_01_30.png
0,1,0,0,0,2022-11-27.16_55_19.png
0,0,0,0,1,2022-11-27.16_55_19.png
0,0,0,0,1,2022-11-25.17_59_43.png
0,1,0,0,0,2022-11-25.14_58_49.png
0,1,1,0,0,2022-11-25.14_01_09.png
0,0,1,0,0,2022-11-25.13_18_01.png
0,1,1,0,0,2022-11-25.13_18_01.png
0,0,1,0,0,2022-11-25.13_18_01.png
0,0,0,0,1,2022-11-25.13_18_01.png
0,0,0,0,1,2022-11-18.22_57_46.png
0,0,0,0,1,2022-11-18.22_01_57.png
0,0,0,1,0,2022-11-16.04_09_24.png
0,1,0,1,0,2022-11-16.04_09_24.png
0,1,1,1,0,2022-11-16.04_09_24.png
0,1,1,1,0,2022-11-16.03_00_00.png
0,1,1,1,0,2022-11-16.02_01_19.png
0,1,1,0,0,2022-11-16.00_59_57.png
0,1,1,1,0,2022-11-15.23_58_00.png
0,1,1,1,0,2022-11-15.23_02_37.png
0,1,1,1,0,2022-11-15.22_01_26.png
0,0,1,1,0,2022-11-15.21_00_00.png
0,0,1,0,0,2022-11-15.19_59_43.png
0,0,1,0,0,2022-11-15.18_57_42.png
0,0,0,0,1,2022-11-15.18_02_57.png
0,0,0,0,1,2022-11-13.17_58_49.png
0,1,0,1,0,2022-11-13.03_52_42.png
0,1,0,1,0,2022-11-13.03_52_42.png
0,0,0,0,1,2022-11-12.12_29_52.png
0,1,1,1,0,2022-11-12.03_44_06.png
0,1,0,0,0,2022-11-12.03_44_06.png
0,1,1,1,0,2022-11-12.03_44_06.png
0,0,1,0,0,2022-11-12.03_44_06.png
0,0,0,1,0,2022-11-11.22_59_22.png
0,1,0,1,0,2022-11-11.22_45_25.png
1,0,0,0,0,2022-11-11.22_45_25.png
0,0,1,1,0,2022-11-11.22_45_25.png
1,1,1,1,0,2022-11-11.22_45_25.png
1,1,1,1,0,2022-11-11.22_45_25.png
1,1,1,1,0,2022-11-11.22_45_25.png
1,1,1,1,0,2022-11-11.22_45_25.png
1,1,1,1,0,2022-11-11.22_45_25.png
1,0,1,0,0,2022-11-11.03_46_08.png
0,0,0,0,1,2022-11-11.03_46_08.png
0,0,0,1,0,2022-11-10.14_25_11.png
0,0,0,0,1,2022-11-09.16_06_59.png
0,0,1,0,0,2022-11-01.12_00_54.png
0,0,0,1,0,2022-11-01.09_03_08.png
0,0,0,0,1,2022-11-01.07_39_26.png
0,0,0,1,0,2022-11-01.07_39_26.png
1,1,0,0,0,2022-11-01.07_39_26.png
1,1,1,0,0,2022-10-31.21_14_33.png
0,1,0,1,0,2022-10-31.21_14_33.png
0,0,1,0,0,2022-10-31.21_14_33.png
1,1,1,1,0,2022-10-31.21_14_33.png
0,1,1,1,0,2022-10-31.21_14_33.png
1,1,1,0,0,2022-10-31.20_00_41.png
0,0,0,0,1,2022-10-31.15_57_58.png
0,0,1,0,0,2022-10-31.13_59_38.png
0,0,0,0,1,2022-10-27.05_03_25.png
1,0,0,0,0,2022-10-26.20_44_24.png
1,0,1,0,0,2022-10-26.17_00_27.png
0,0,0,0,1,2022-10-26.15_59_06.png
0,0,0,0,1,2022-10-26.14_57_23.png
0,0,0,0,1,2022-10-26.13_02_27.png
0,1,0,0,0,2022-10-26.11_01_18.png
0,0,0,0,1,2022-10-26.07_13_56.png
1,0,0,1,0,2022-10-25.09_59_59.png
0,0,1,0,0,2022-10-25.09_01_40.png
0,0,0,1,0,2022-10-25.07_00_21.png
0,0,1,0,0,2022-10-25.05_06_11.png
0,0,0,0,1,2022-10-24.06_53_58.png
0,1,1,1,0,2022-10-24.06_53_58.png
1,0,1,1,0,2022-10-24.06_53_58.png
1,1,1,1,0,2022-10-23.20_22_45.png
1,0,1,0,0,2022-10-23.20_22_45.png
0,1,1,1,0,2022-10-23.20_22_45.png
0,0,0,0,1,2022-10-23.20_00_19.png
0,0,1,0,0,2022-10-17.16_00_18.png
0,0,1,0,0,2022-10-14.06_57_28.png
0,1,1,1,0,2022-10-14.06_41_54.png
0,0,1,0,0,2022-10-14.06_41_54.png
0,1,0,1,0,2022-10-13.16_01_21.png
1,1,1,1,0,2022-10-13.11_12_46.png
0,0,0,1,0,2022-10-11.17_58_39.png
0,0,0,1,0,2022-10-07.18_00_37.png
0,0,1,0,0,2022-10-05.15_59_14.png
0,0,0,0,1,2022-10-05.14_59_22.png
0,0,0,0,1,2022-10-05.13_59_41.png
0,0,1,0,0,2022-10-05.12_58_45.png
1,1,1,1,0,2022-10-05.11_59_29.png
0,1,0,1,0,2022-10-05.10_57_37.png
0,1,1,1,0,2022-10-05.09_59_58.png
0,1,1,1,0,2022-10-05.09_01_13.png
0,1,1,1,0,2022-10-05.08_02_16.png
0,0,0,1,0,2022-10-05.07_29_16.png
0,1,0,0,0,2022-10-05.07_29_16.png
0,1,1,1,0,2022-10-05.07_29_16.png
0,1,1,1,0,2022-10-05.07_29_16.png
1,0,0,1,0,2022-10-05.07_29_16.png
0,1,1,1,0,2022-10-05.07_29_16.png
0,1,0,1,0,2022-10-05.07_29_16.png
0,1,0,0,0,2022-10-04.18_28_32.png
1,0,1,1,0,2022-10-04.18_28_32.png
0,1,0,1,0,2022-10-04.18_28_32.png
1,0,0,0,0,2022-10-04.18_28_32.png
0,0,0,0,1,2022-10-04.18_00_25.png
0,0,0,1,0,2022-10-04.16_00_42.png
1,0,0,1,0,2022-10-04.13_59_10.png
1,1,0,1,0,2022-10-04.11_57_52.png
1,1,0,1,0,2022-10-04.10_02_13.png
1,0,0,1,0,2022-10-04.09_00_23.png
1,1,1,1,0,2022-10-04.08_23_18.png
1,1,1,1,0,2022-10-04.08_23_18.png
1,1,1,1,0,2022-10-04.08_23_18.png
1,1,1,1,0,2022-10-03.18_22_44.png
1,1,1,0,0,2022-10-03.18_22_44.png
1,1,1,0,0,2022-10-03.18_22_44.png
0,1,1,1,0,2022-10-03.18_22_44.png
0,1,1,1,0,2022-10-03.18_22_44.png
0,1,1,1,0,2022-10-03.18_22_44.png
0,0,1,1,0,2022-10-03.18_22_44.png
0,0,1,0,0,2022-10-03.16_59_33.png
0,0,0,0,1,2022-10-03.15_58_23.png
0,0,1,0,0,2022-10-03.14_00_24.png
0,1,0,1,0,2022-10-03.11_59_55.png
1,1,0,0,0,2022-10-03.10_57_20.png
0,1,0,1,0,2022-10-03.09_57_55.png
0,1,0,1,0,2022-10-03.08_58_31.png
0,1,1,1,0,2022-10-03.07_57_31.png
0,1,1,1,0,2022-10-03.07_09_38.png
0,1,1,1,0,2022-10-03.07_09_38.png
0,1,1,1,0,2022-10-03.07_09_38.png
0,1,0,1,0,2022-10-03.07_09_38.png
0,1,0,1,0,2022-10-03.07_09_38.png
0,0,0,0,1,2022-10-02.18_15_22.png
0,0,1,0,0,2022-10-02.18_15_22.png
0,1,0,1,0,2022-10-02.18_15_22.png
0,1,1,1,0,2022-10-02.18_15_22.png
1,1,1,1,0,2022-10-02.18_15_22.png
0,1,1,0,0,2022-10-02.18_03_01.png
0,1,1,0,0,2022-10-02.17_01_47.png
1,0,1,0,0,2022-10-02.15_00_48.png
1,0,0,0,0,2022-10-02.12_59_12.png
0,1,1,1,0,2022-10-02.11_00_18.png
0,1,1,1,0,2022-10-02.09_01_49.png
1,1,1,1,0,2022-10-02.07_48_30.png
1,1,1,1,0,2022-10-02.07_48_30.png
0,1,1,0,0,2022-10-02.07_48_30.png
0,1,0,0,0,2022-10-02.07_48_30.png
0,0,0,0,1,2022-10-02.07_48_30.png
0,0,0,0,1,2022-10-02.07_48_30.png
0,0,0,0,1,2022-10-01.18_09_13.png
0,0,0,0,1,2022-10-01.18_09_13.png
0,1,1,0,0,2022-10-01.18_09_13.png
0,0,1,0,0,2022-10-01.18_00_18.png
0,0,0,0,1,2022-10-01.14_58_05.png
0,1,1,1,0,2022-10-01.12_58_43.png
0,1,1,0,0,2022-10-01.11_01_29.png
1,1,1,1,0,2022-10-01.08_58_20.png
1,1,1,1,0,2022-10-01.08_01_26.png
1,1,1,1,0,2022-10-01.08_01_26.png
1,0,1,1,0,2022-10-01.08_01_26.png
1,1,1,1,0,2022-10-01.08_01_26.png
1,1,1,1,0,2022-10-01.08_01_26.png
1,1,1,0,0,2022-10-01.08_01_26.png
0,0,1,0,0,2022-09-30.18_08_51.png
0,1,0,1,0,2022-09-30.18_08_51.png
0,0,1,0,0,2022-09-30.18_08_51.png
0,0,1,0,0,2022-09-30.18_08_51.png
0,0,0,0,1,2022-09-30.18_08_51.png
0,0,1,0,0,2022-09-27.17_43_18.png
0,0,0,0,1,2022-09-25.17_29_51.png
0,0,0,0,1,2022-09-25.17_29_51.png
0,1,0,1,0,2022-09-25.17_29_51.png
1,0,1,0,0,2022-09-25.17_29_51.png
0,0,0,0,1,2022-09-22.17_12_32.png
0,1,1,1,0,2022-09-22.17_00_28.png
0,1,1,1,0,2022-09-22.15_58_33.png
0,0,1,0,0,2022-09-22.15_01_53.png
1,0,0,0,0,2022-09-22.13_57_44.png
0,0,0,1,0,2022-09-18.16_50_37.png
0,0,0,1,0,2022-09-18.16_50_37.png
0,0,0,1,0,2022-09-17.16_40_30.png
0,0,0,0,1,2022-09-13.08_59_56.png
0,0,0,0,1,2022-09-13.08_46_45.png
0,0,1,0,0,2022-09-13.08_46_45.png
0,0,0,0,1,2022-09-12.16_14_33.png
0,1,1,1,0,2022-09-12.16_14_33.png
1,0,1,0,0,2022-09-12.16_14_33.png
0,0,0,0,1,2022-09-12.16_14_33.png
0,0,0,0,1,2022-09-12.15_59_01.png
0,0,0,1,0,2022-09-12.05_09_33.png
0,1,0,0,0,2022-09-12.05_09_33.png
0,0,0,0,1,2022-09-12.05_09_33.png
0,0,1,0,0,2022-09-11.16_12_05.png
1,0,1,0,0,2022-09-11.16_12_05.png
0,1,0,0,0,2022-09-11.16_12_05.png
0,1,0,1,0,2022-09-11.16_12_05.png
0,0,1,1,0,2022-09-11.16_12_05.png
0,1,0,1,0,2022-09-11.16_12_05.png
0,1,1,1,0,2022-09-11.16_01_05.png
1,1,1,1,0,2022-09-11.14_58_06.png
0,1,0,1,0,2022-09-11.14_00_16.png
0,1,1,1,0,2022-09-11.13_01_58.png
1,1,1,1,0,2022-09-11.11_57_54.png
1,0,1,0,0,2022-09-11.11_02_04.png
0,0,1,0,0,2022-09-11.10_01_31.png
1,0,0,0,0,2022-09-11.09_00_57.png
1,0,1,0,0,2022-09-11.06_33_24.png
1,0,0,0,0,2022-09-11.06_33_24.png
1,0,0,0,0,2022-09-11.06_33_24.png
0,0,0,0,1,2022-09-11.06_33_24.png
0,0,0,1,0,2022-09-09.16_03_29.png
0,1,0,0,0,2022-09-08.05_18_25.png
0,1,0,0,0,2022-09-07.15_46_54.png
0,0,0,0,1,2022-09-07.15_46_54.png
0,0,0,0,1,2022-09-07.15_46_54.png
0,0,0,0,1,2022-09-07.15_46_54.png
1,1,1,0,0,2022-09-07.15_46_54.png
1,0,0,0,0,2022-09-07.15_46_54.png
0,0,0,0,1,2022-09-07.14_59_06.png
1,0,0,0,0,2022-09-07.14_01_44.png
1,0,0,0,0,2022-09-07.12_59_34.png
0,0,1,0,0,2022-09-07.09_02_54.png
0,0,1,0,0,2022-09-07.08_02_05.png
0,0,1,0,0,2022-09-07.06_58_12.png
0,1,0,1,0,2022-09-07.05_04_56.png
0,0,0,0,1,2022-09-06.15_41_46.png
0,0,0,0,1,2022-09-06.15_41_46.png
0,0,0,0,1,2022-09-06.15_41_46.png
0,0,0,1,0,2022-09-06.14_59_31.png
0,0,0,1,0,2022-09-06.14_00_20.png
1,1,0,1,0,2022-09-06.13_01_05.png
1,0,1,1,0,2022-09-06.11_59_14.png
1,1,1,0,0,2022-09-06.10_59_48.png
1,1,1,1,0,2022-09-06.10_23_31.png
1,1,1,1,0,2022-09-06.10_23_31.png
1,1,1,1,0,2022-09-06.10_23_31.png
1,0,1,0,0,2022-09-06.10_23_31.png
0,1,1,1,0,2022-09-06.10_23_31.png
0,0,1,1,0,2022-09-06.10_23_31.png
1,0,0,0,0,2022-09-06.10_23_31.png
0,1,0,0,0,2022-09-06.10_23_31.png
1,1,0,1,0,2022-09-05.15_37_34.png
0,1,1,1,0,2022-09-05.15_37_34.png
0,1,1,0,0,2022-09-05.15_37_34.png
0,0,0,1,0,2022-09-05.15_37_34.png
0,0,0,0,1,2022-09-05.15_37_34.png
0,0,0,1,0,2022-09-05.13_58_02.png
0,1,0,1,0,2022-08-31.05_04_30.png
0,1,1,1,0,2022-08-30.14_56_53.png
1,0,1,0,0,2022-08-30.14_56_53.png
1,0,1,0,0,2022-08-30.14_56_53.png
0,0,1,0,0,2022-08-27.07_59_13.png
0,1,0,0,0,2022-08-27.06_02_09.png
0,1,0,0,0,2022-08-27.05_00_49.png
0,0,1,0,0,2022-08-27.05_00_49.png
0,0,0,1,0,2022-08-26.05_02_14.png
0,1,0,0,0,2022-08-25.14_33_38.png
0,1,0,0,0,2022-08-25.14_33_38.png
0,1,0,0,0,2022-08-23.05_02_38.png
0,0,0,0,1,2022-08-23.05_02_38.png
0,0,1,0,0,2022-08-22.14_06_05.png
0,0,1,0,0,2022-08-22.14_06_05.png
0,0,0,1,0,2022-08-22.14_06_05.png
0,0,0,0,1,2022-08-22.13_58_58.png
0,0,0,1,0,2022-08-22.10_59_03.png
0,0,0,1,0,2022-08-22.09_58_39.png
0,0,0,0,1,2022-08-22.08_59_21.png
0,0,0,0,1,2022-08-22.07_58_05.png
0,0,0,0,1,2022-08-22.05_15_27.png
0,1,0,0,0,2022-08-22.05_15_27.png
0,1,0,1,0,2022-08-22.05_15_27.png
0,0,1,0,0,2022-08-22.05_15_27.png
0,0,1,0,0,2022-08-21.14_02_44.png
1,0,0,0,0,2022-08-21.14_02_44.png
1,0,1,0,0,2022-08-21.14_02_44.png
0,0,0,1,0,2022-08-20.13_59_49.png
0,0,1,0,0,2022-08-18.05_03_41.png
0,1,1,0,0,2022-08-18.05_03_41.png
0,1,0,0,0,2022-08-18.05_03_41.png
0,1,0,0,0,2022-08-18.05_03_41.png
0,0,0,0,1,2022-08-17.13_38_55.png
0,0,0,0,1,2022-08-17.13_38_55.png
1,0,0,0,0,2022-08-15.13_33_27.png
1,0,0,0,0,2022-08-15.13_00_08.png
1,0,0,0,0,2022-08-15.11_59_56.png
1,0,0,0,0,2022-08-15.11_01_51.png
1,0,0,0,0,2022-08-15.10_00_54.png
1,1,0,0,0,2022-08-15.09_02_04.png
1,1,0,0,0,2022-08-15.08_00_04.png
0,1,1,0,0,2022-08-15.06_58_10.png
0,1,1,0,0,2022-08-15.05_59_49.png
1,1,1,0,0,2022-08-15.05_04_07.png
0,0,1,0,0,2022-08-15.05_04_07.png
0,0,1,0,0,2022-08-15.05_04_07.png
0,0,1,0,0,2022-08-15.05_04_07.png
0,0,0,0,1,2022-08-15.05_04_07.png
0,0,0,0,1,2022-08-15.05_04_07.png
1,0,0,0,0,2022-08-11.13_14_15.png
1,0,0,0,0,2022-08-11.13_14_15.png
0,1,1,0,0,2022-08-11.13_00_01.png
0,0,1,0,0,2022-08-11.11_59_57.png
1,0,0,1,0,2022-08-11.06_17_49.png
1,0,0,0,0,2022-08-11.06_17_49.png
0,1,0,0,0,2022-08-11.06_17_49.png
0,1,1,0,0,2022-08-11.06_17_49.png
0,1,1,0,0,2022-08-11.06_17_49.png
0,1,1,0,0,2022-08-11.06_17_49.png
0,1,1,0,0,2022-08-11.06_17_49.png
0,0,1,0,0,2022-08-10.13_14_36.png
1,1,0,0,0,2022-08-10.05_03_10.png
1,0,1,0,0,2022-08-10.05_03_10.png
1,0,0,0,0,2022-08-10.05_03_10.png
1,0,0,0,0,2022-08-08.05_01_38.png
1,0,0,0,0,2022-08-07.12_47_12.png
1,0,0,0,0,2022-08-06.05_01_57.png
0,0,0,0,1,2022-08-06.05_01_57.png
0,0,0,0,1,2022-08-06.05_01_57.png
0,1,0,0,0,2022-08-06.05_01_57.png
0,1,0,0,0,2022-08-06.05_01_57.png
0,1,0,0,0,2022-08-06.05_01_57.png
0,0,0,0,1,2022-08-06.05_01_57.png
1,0,0,0,0,2022-08-05.12_39_15.png
0,0,0,0,1,2022-08-05.07_59_29.png
0,1,1,0,0,2022-08-05.06_58_16.png
0,0,1,0,0,2022-08-05.05_58_45.png
0,1,1,1,0,2022-08-05.05_02_13.png
0,1,1,1,0,2022-08-05.05_02_13.png
0,1,1,1,0,2022-08-05.05_02_13.png
0,1,1,0,0,2022-08-05.05_02_13.png
0,1,0,0,0,2022-08-05.05_02_13.png
0,1,0,0,0,2022-08-05.05_02_13.png
1,1,0,0,0,2022-08-05.05_02_13.png
1,0,0,0,0,2022-08-05.05_02_13.png
0,0,1,0,0,2022-08-02.10_01_35.png
0,0,0,1,0,2022-08-02.07_00_32.png
0,1,0,1,0,2022-08-02.05_00_22.png
0,0,1,0,0,2022-08-02.05_00_22.png
1,0,1,0,0,2022-08-01.07_01_44.png
1,0,0,0,0,2022-08-01.06_00_52.png
1,0,0,1,0,2022-08-01.05_04_10.png
1,1,1,1,0,2022-08-01.05_04_10.png
1,1,1,0,0,2022-08-01.05_04_10.png
0,1,1,0,0,2022-08-01.05_04_10.png
1,0,1,0,0,2022-08-01.05_04_10.png
1,1,1,0,0,2022-08-01.05_04_10.png
1,1,1,0,0,2022-08-01.05_04_10.png
1,0,0,0,0,2022-08-01.05_04_10.png
0,0,0,0,1,2022-07-30.05_02_49.png
0,0,1,0,0,2022-07-30.05_02_49.png
1,0,0,0,0,2022-07-29.12_00_24.png
0,1,0,0,0,2022-07-29.05_02_52.png
0,0,1,0,0,2022-07-29.05_02_52.png
0,0,1,0,0,2022-07-27.08_59_24.png
0,0,1,0,0,2022-07-27.07_57_44.png
0,0,0,0,1,2022-07-27.05_02_03.png
0,0,1,0,0,2022-07-27.05_02_03.png
0,0,1,0,0,2022-07-27.05_02_03.png
0,0,0,0,1,2022-07-26.05_00_36.png
1,0,1,0,0,2022-07-25.11_45_53.png
1,0,0,0,0,2022-07-25.11_45_53.png
0,0,0,0,1,2022-07-24.05_03_06.png
0,0,1,0,0,2022-07-19.05_00_45.png
1,1,1,0,0,2022-07-19.05_00_45.png
1,0,1,0,0,2022-07-19.05_00_45.png
1,0,0,0,0,2022-07-18.11_06_38.png
0,0,0,0,1,2022-07-18.05_03_17.png
0,0,0,0,1,2022-07-18.05_03_17.png
0,0,0,0,1,2022-07-17.05_01_05.png
1,0,0,0,0,2022-07-17.05_01_05.png
0,1,0,0,0,2022-07-17.05_01_05.png
1,1,0,0,0,2022-07-16.10_54_04.png
1,0,0,0,0,2022-07-16.10_54_04.png
0,0,1,0,0,2022-07-14.10_51_49.png
0,0,1,0,0,2022-07-14.10_51_49.png
0,0,0,0,1,2022-07-13.05_00_30.png
0,0,1,0,0,2022-07-13.05_00_30.png
0,0,0,0,1,2022-07-13.05_00_30.png
0,0,1,0,0,2022-07-13.05_00_30.png
0,0,0,0,1,2022-07-13.05_00_30.png
1,0,0,0,0,2022-07-13.05_00_30.png
0,0,0,0,1,2022-07-10.05_01_03.png
0,0,0,0,1,2022-07-10.05_01_03.png
0,0,1,0,0,2022-07-10.05_01_03.png
0,1,1,0,0,2022-07-09.10_13_49.png
0,1,1,0,0,2022-07-09.10_13_49.png
1,0,1,0,0,2022-07-09.10_13_49.png
1,1,1,0,0,2022-07-09.10_13_49.png
1,1,1,0,0,2022-07-09.10_13_49.png
1,1,1,0,0,2022-07-09.10_13_49.png
0,1,0,0,0,2022-07-09.10_13_49.png
0,1,0,0,0,2022-07-09.10_13_49.png
1,1,0,0,0,2022-07-09.10_13_49.png
0,1,0,0,0,2022-07-09.10_01_32.png
1,1,1,1,0,2022-07-09.09_00_41.png
1,1,1,1,0,2022-07-09.07_57_47.png
1,1,1,1,0,2022-07-09.07_00_35.png
0,1,1,1,0,2022-07-09.05_58_38.png
0,0,1,0,0,2022-07-09.05_02_10.png
0,0,1,0,0,2022-07-09.05_02_10.png
0,0,1,0,0,2022-07-09.05_02_10.png
0,0,0,0,1,2022-07-07.09_58_28.png
0,0,0,0,1,2022-07-07.09_58_28.png
0,0,0,1,0,2022-07-07.08_59_21.png
1,0,0,1,0,2022-07-07.08_00_17.png
1,0,0,1,0,2022-07-07.06_58_50.png
0,1,0,1,0,2022-07-07.06_00_56.png
1,1,0,1,0,2022-07-07.05_27_22.png
1,1,0,1,0,2022-07-07.05_27_22.png
0,1,1,1,0,2022-07-07.05_27_22.png
0,1,1,0,0,2022-07-07.05_27_22.png
0,1,1,0,0,2022-07-06.05_06_23.png
0,1,0,0,0,2022-07-06.05_06_23.png
0,0,0,0,1,2022-07-06.05_06_23.png
1,0,0,0,0,2022-07-06.05_06_23.png
0,1,0,0,0,2022-07-05.09_52_25.png
0,0,1,0,0,2022-07-05.09_52_25.png
0,0,0,0,1,2022-07-05.09_52_25.png
0,0,0,0,1,2022-07-03.09_32_03.png
0,0,0,0,1,2022-07-03.09_32_03.png
0,1,0,0,0,2022-07-03.09_32_03.png
0,0,1,0,0,2022-07-03.07_59_33.png
0,0,0,0,1,2022-07-03.07_00_11.png
0,0,0,0,1,2022-07-03.06_01_02.png
0,1,0,0,0,2022-07-03.05_04_07.png
0,0,1,0,0,2022-07-03.05_04_07.png
0,0,0,0,1,2022-07-03.05_04_07.png
0,1,0,0,0,2022-07-03.05_04_07.png
1,0,1,0,0,2022-07-03.05_04_07.png
0,0,1,0,0,2022-07-03.05_04_07.png
0,1,0,0,0,2022-07-03.05_04_07.png
0,0,0,0,1,2022-07-03.05_04_07.png
0,0,0,0,1,2022-07-02.05_03_41.png
0,0,1,0,0,2022-07-02.05_03_41.png
0,0,0,0,1,2022-07-02.05_03_41.png
0,0,0,0,1,2022-07-02.05_03_41.png
0,0,0,0,1,2022-06-27.09_03_15.png
0,1,0,0,0,2022-06-27.09_03_15.png
0,0,0,0,1,2022-06-27.09_03_15.png
1,0,1,0,0,2022-06-27.09_03_15.png
1,0,1,0,0,2022-06-27.09_03_15.png
0,0,0,0,1,2022-06-27.05_02_34.png
0,0,0,0,1,2022-06-27.05_02_34.png
0,0,1,0,0,2022-06-27.05_02_34.png
1,0,0,0,0,2022-06-25.05_04_47.png
0,0,1,0,0,2022-06-24.05_03_22.png
0,0,0,0,1,2022-06-24.05_03_22.png
0,1,0,0,0,2022-06-23.08_33_56.png
0,1,0,0,0,2022-06-23.08_33_56.png
0,1,0,0,0,2022-06-23.08_33_56.png
0,1,0,0,0,2022-06-23.08_33_56.png
0,1,0,0,0,2022-06-23.08_33_56.png
0,1,0,0,0,2022-06-23.08_33_56.png
0,0,0,0,1,2022-06-23.08_33_56.png
0,1,0,0,0,2022-06-23.08_33_56.png
0,1,0,0,0,2022-06-23.08_33_56.png
0,0,0,0,1,2022-06-23.08_33_56.png
0,1,1,1,0,2022-06-23.08_01_06.png
0,1,0,1,0,2022-06-23.06_59_12.png
0,0,1,1,0,2022-06-23.06_01_14.png
0,1,1,1,0,2022-06-23.05_01_05.png
1,1,1,1,0,2022-06-23.05_01_05.png
1,1,1,0,0,2022-06-23.05_01_05.png
0,0,0,0,1,2022-06-23.05_01_05.png
0,0,1,0,0,2022-06-23.05_01_05.png
1,0,0,0,0,2022-06-23.05_01_05.png
0,0,0,0,1,2022-06-22.08_37_10.png
0,0,0,0,1,2022-06-21.08_27_48.png
0,0,0,0,1,2022-06-16.20_22_26.png
0,0,0,0,1,2022-06-16.20_22_26.png
0,0,0,0,1,2022-06-16.04_46_56.png
0,0,0,0,1,2022-06-16.04_46_56.png
0,0,0,0,1,2022-06-14.19_49_29.png
0,0,0,0,1,2022-06-14.19_49_29.png
1,0,1,0,0,2022-06-14.04_31_23.png
1,0,0,0,0,2022-06-12.04_26_16.png
0,0,0,0,1,2022-06-11.04_21_20.png
0,0,0,0,1,2022-06-09.04_05_41.png
0,1,1,1,0,2022-05-28.09_03_09.png
0,1,1,0,0,2022-05-24.09_20_01.png
0,0,0,1,0,2022-05-23.08_58_13.png
1,0,1,0,0,2022-05-19.09_01_49.png
0,0,0,0,1,2022-05-14.08_59_47.png
0,0,0,0,1,2022-05-13.12_26_32.png
0,0,0,0,1,2022-05-08.12_06_05.png
1,0,1,1,0,2022-05-07.12_07_21.png
1,0,0,0,0,2022-05-06.09_00_15.png
1,1,0,0,0,2022-05-04.04_58_46.png
0,0,0,0,1,2022-05-02.04_53_06.png
1,1,1,1,0,2022-04-09.06_43_51.png
1,0,0,0,0,2022-04-07.06_37_37.png
1,1,1,1,0,2022-04-06.06_34_15.png
0,0,1,0,0,2022-04-01.08_57_51.png
0,1,1,0,0,2022-03-17.08_59_31.png
0,1,1,1,0,2022-03-12.09_59_13.png
0,1,0,0,0,2022-03-09.09_58_40.png
0,0,0,0,1,2022-02-25.10_00_51.png
1,0,1,1,0,2022-02-18.10_01_42.png
0,0,1,1,0,2022-02-13.09_58_04.png
0,1,1,0,0,2022-02-04.09_59_59.png
1,1,1,1,0,2022-02-03.10_00_52.png
0,0,0,0,1,2022-01-29.09_58_14.png
1,1,1,1,0,2022-01-20.09_59_13.png
0,0,0,0,1,2022-01-17.10_00_59.png
0,0,0,0,1,2022-01-11.10_00_57.png
0,1,1,0,0,2022-01-07.09_59_12.png
0,1,1,1,0,2022-01-03.09_57_32.png
1,1,1,1,0,2022-01-02.09_57_27.png
0,0,0,0,1,2021-12-30.09_57_53.png
0,0,0,1,0,2021-12-29.10_00_00.png
0,0,0,0,1,2021-12-19.09_58_18.png
0,0,0,0,1,2021-12-11.10_01_22.png
0,1,1,1,0,2021-11-21.09_58_16.png
0,0,0,0,1,2021-11-15.10_01_10.png
1,1,1,1,0,2021-11-12.10_00_25.png
0,0,1,0,0,2021-11-10.09_56_29.png
0,0,0,0,1,2021-10-30.08_59_39.png
1,1,1,1,0,2021-10-29.09_00_25.png
0,0,0,0,1,2021-10-12.09_00_38.png
0,0,0,0,1,2021-10-10.08_57_55.png
0,0,0,0,1,2021-10-04.08_58_28.png
1,1,0,0,0,2021-09-23.17_46_19.png
